"","year_num","er","asr","cases","py","year","er_label","rr","index","site"
"file_path1.1",0,0,9,12282,144215683,1974,"ER+",6.92,"30_49","DCIS"
"file_path1.2",0,1,1.1,1500,144215683,1974,"ER-",1.38,"30_49","DCIS"
"file_path1.3",0,2,6.2,8503,144215683,1974,"Borderline/Unk",0.52,"30_49","DCIS"
"file_path1.4",0,3,1.5,2074,144215683,1974,"Not available",Inf,"30_49","DCIS"
"file_path1.5",1,0,0,0,1924560,1975,"ER+",0,"30_49","DCIS"
"file_path1.6",1,1,0,0,1924560,1975,"ER-",0,"30_49","DCIS"
"file_path1.7",1,2,0,0,1924560,1975,"Borderline/Unk",0,"30_49","DCIS"
"file_path1.8",1,3,4.3,78,1924560,1975,"Not available",Inf,"30_49","DCIS"
"file_path1.9",2,0,0,0,1948795,1976,"ER+",0,"30_49","DCIS"
"file_path1.10",2,1,0,0,1948795,1976,"ER-",0,"30_49","DCIS"
"file_path1.11",2,2,0,0,1948795,1976,"Borderline/Unk",0,"30_49","DCIS"
"file_path1.12",2,3,3.8,72,1948795,1976,"Not available",Inf,"30_49","DCIS"
"file_path1.13",3,0,0,0,2017094,1977,"ER+",0,"30_49","DCIS"
"file_path1.14",3,1,0,0,2017094,1977,"ER-",0,"30_49","DCIS"
"file_path1.15",3,2,0,0,2017094,1977,"Borderline/Unk",0,"30_49","DCIS"
"file_path1.16",3,3,2.5,48,2017094,1977,"Not available",Inf,"30_49","DCIS"
"file_path1.17",4,0,0,0,2075335,1978,"ER+",0,"30_49","DCIS"
"file_path1.18",4,1,0,0,2075335,1978,"ER-",0,"30_49","DCIS"
"file_path1.19",4,2,0,0,2075335,1978,"Borderline/Unk",0,"30_49","DCIS"
"file_path1.20",4,3,3.1,58,2075335,1978,"Not available",Inf,"30_49","DCIS"
"file_path1.21",5,0,0,0,2138546,1979,"ER+",0,"30_49","DCIS"
"file_path1.22",5,1,0,0,2138546,1979,"ER-",0,"30_49","DCIS"
"file_path1.23",5,2,0,0,2138546,1979,"Borderline/Unk",0,"30_49","DCIS"
"file_path1.24",5,3,3.5,65,2138546,1979,"Not available",Inf,"30_49","DCIS"
"file_path1.25",6,0,0,0,2202939,1980,"ER+",0,"30_49","DCIS"
"file_path1.26",6,1,0,0,2202939,1980,"ER-",0,"30_49","DCIS"
"file_path1.27",6,2,0,0,2202939,1980,"Borderline/Unk",0,"30_49","DCIS"
"file_path1.28",6,3,4,76,2202939,1980,"Not available",Inf,"30_49","DCIS"
"file_path1.29",7,0,0,0,2272323,1981,"ER+",0,"30_49","DCIS"
"file_path1.30",7,1,0,0,2272323,1981,"ER-",0,"30_49","DCIS"
"file_path1.31",7,2,0,0,2272323,1981,"Borderline/Unk",0,"30_49","DCIS"
"file_path1.32",7,3,3.5,67,2272323,1981,"Not available",Inf,"30_49","DCIS"
"file_path1.33",8,0,0,0,2342607,1982,"ER+",0,"30_49","DCIS"
"file_path1.34",8,1,0,0,2342607,1982,"ER-",0,"30_49","DCIS"
"file_path1.35",8,2,0,0,2342607,1982,"Borderline/Unk",0,"30_49","DCIS"
"file_path1.36",8,3,3.6,70,2342607,1982,"Not available",Inf,"30_49","DCIS"
"file_path1.37",9,0,0,0,2423569,1983,"ER+",0,"30_49","DCIS"
"file_path1.38",9,1,0,0,2423569,1983,"ER-",0,"30_49","DCIS"
"file_path1.39",9,2,0,0,2423569,1983,"Borderline/Unk",0,"30_49","DCIS"
"file_path1.40",9,3,3.6,75,2423569,1983,"Not available",Inf,"30_49","DCIS"
"file_path1.41",10,0,0,0,2511219,1984,"ER+",0,"30_49","DCIS"
"file_path1.42",10,1,0,0,2511219,1984,"ER-",0,"30_49","DCIS"
"file_path1.43",10,2,0,0,2511219,1984,"Borderline/Unk",0,"30_49","DCIS"
"file_path1.44",10,3,6.6,139,2511219,1984,"Not available",Inf,"30_49","DCIS"
"file_path1.45",11,0,0,0,2598605,1985,"ER+",0,"30_49","DCIS"
"file_path1.46",11,1,0,0,2598605,1985,"ER-",0,"30_49","DCIS"
"file_path1.47",11,2,0,0,2598605,1985,"Borderline/Unk",0,"30_49","DCIS"
"file_path1.48",11,3,8.7,189,2598605,1985,"Not available",Inf,"30_49","DCIS"
"file_path1.49",12,0,0,0,2689671,1986,"ER+",0,"30_49","DCIS"
"file_path1.50",12,1,0,0,2689671,1986,"ER-",0,"30_49","DCIS"
"file_path1.51",12,2,0,0,2689671,1986,"Borderline/Unk",0,"30_49","DCIS"
"file_path1.52",12,3,10.3,232,2689671,1986,"Not available",Inf,"30_49","DCIS"
"file_path1.53",13,0,0,0,2786452,1987,"ER+",0,"30_49","DCIS"
"file_path1.54",13,1,0,0,2786452,1987,"ER-",0,"30_49","DCIS"
"file_path1.55",13,2,0,0,2786452,1987,"Borderline/Unk",0,"30_49","DCIS"
"file_path1.56",13,3,11.7,273,2786452,1987,"Not available",Inf,"30_49","DCIS"
"file_path1.57",14,0,0,0,2880694,1988,"ER+",0,"30_49","DCIS"
"file_path1.58",14,1,0,0,2880694,1988,"ER-",0,"30_49","DCIS"
"file_path1.59",14,2,0,0,2880694,1988,"Borderline/Unk",0,"30_49","DCIS"
"file_path1.60",14,3,13.5,335,2880694,1988,"Not available",Inf,"30_49","DCIS"
"file_path1.61",15,0,0,0,2967619,1989,"ER+",0,"30_49","DCIS"
"file_path1.62",15,1,0,0,2967619,1989,"ER-",0,"30_49","DCIS"
"file_path1.63",15,2,0,0,2967619,1989,"Borderline/Unk",0,"30_49","DCIS"
"file_path1.64",15,3,11.4,297,2967619,1989,"Not available",Inf,"30_49","DCIS"
"file_path1.65",16,0,1.3,36,3054075,1990,"ER+",1,"30_49","DCIS"
"file_path1.66",16,1,0.8,22,3054075,1990,"ER-",1,"30_49","DCIS"
"file_path1.67",16,2,12,324,3054075,1990,"Borderline/Unk",1,"30_49","DCIS"
"file_path1.68",16,3,0,0,3054075,1990,"Not available",NA,"30_49","DCIS"
"file_path1.69",17,0,2.1,60,3150627,1991,"ER+",1.62,"30_49","DCIS"
"file_path1.70",17,1,1.2,33,3150627,1991,"ER-",1.5,"30_49","DCIS"
"file_path1.71",17,2,12.3,343,3150627,1991,"Borderline/Unk",1.03,"30_49","DCIS"
"file_path1.72",17,3,0,0,3150627,1991,"Not available",NA,"30_49","DCIS"
"file_path1.73",18,0,2.5,72,3245461,1992,"ER+",1.92,"30_49","DCIS"
"file_path1.74",18,1,1.1,32,3245461,1992,"ER-",1.38,"30_49","DCIS"
"file_path1.75",18,2,12.1,346,3245461,1992,"Borderline/Unk",1.01,"30_49","DCIS"
"file_path1.76",18,3,0,0,3245461,1992,"Not available",NA,"30_49","DCIS"
"file_path1.77",19,0,1.9,58,3315804,1993,"ER+",1.46,"30_49","DCIS"
"file_path1.78",19,1,1.2,37,3315804,1993,"ER-",1.5,"30_49","DCIS"
"file_path1.79",19,2,11.1,334,3315804,1993,"Borderline/Unk",0.92,"30_49","DCIS"
"file_path1.80",19,3,0,0,3315804,1993,"Not available",NA,"30_49","DCIS"
"file_path1.81",20,0,2,62,3385764,1994,"ER+",1.54,"30_49","DCIS"
"file_path1.82",20,1,0.7,21,3385764,1994,"ER-",0.87,"30_49","DCIS"
"file_path1.83",20,2,13.1,404,3385764,1994,"Borderline/Unk",1.09,"30_49","DCIS"
"file_path1.84",20,3,0,0,3385764,1994,"Not available",NA,"30_49","DCIS"
"file_path1.85",21,0,1.7,56,3447135,1995,"ER+",1.31,"30_49","DCIS"
"file_path1.86",21,1,0.6,20,3447135,1995,"ER-",0.75,"30_49","DCIS"
"file_path1.87",21,2,14,446,3447135,1995,"Borderline/Unk",1.17,"30_49","DCIS"
"file_path1.88",21,3,0,0,3447135,1995,"Not available",NA,"30_49","DCIS"
"file_path1.89",22,0,2.2,74,3504257,1996,"ER+",1.69,"30_49","DCIS"
"file_path1.90",22,1,0.6,19,3504257,1996,"ER-",0.75,"30_49","DCIS"
"file_path1.91",22,2,15.2,505,3504257,1996,"Borderline/Unk",1.27,"30_49","DCIS"
"file_path1.92",22,3,0,0,3504257,1996,"Not available",NA,"30_49","DCIS"
"file_path1.93",23,0,1.5,51,3521129,1997,"ER+",1.15,"30_49","DCIS"
"file_path1.94",23,1,0.5,18,3521129,1997,"ER-",0.62,"30_49","DCIS"
"file_path1.95",23,2,17.9,603,3521129,1997,"Borderline/Unk",1.49,"30_49","DCIS"
"file_path1.96",23,3,0,0,3521129,1997,"Not available",NA,"30_49","DCIS"
"file_path1.97",24,0,2,68,3540832,1998,"ER+",1.54,"30_49","DCIS"
"file_path1.98",24,1,0.7,24,3540832,1998,"ER-",0.87,"30_49","DCIS"
"file_path1.99",24,2,18.1,621,3540832,1998,"Borderline/Unk",1.51,"30_49","DCIS"
"file_path1.100",24,3,0,0,3540832,1998,"Not available",NA,"30_49","DCIS"
"file_path1.101",25,0,2.5,89,3550552,1999,"ER+",1.92,"30_49","DCIS"
"file_path1.102",25,1,0.5,19,3550552,1999,"ER-",0.62,"30_49","DCIS"
"file_path1.103",25,2,17.4,607,3550552,1999,"Borderline/Unk",1.45,"30_49","DCIS"
"file_path1.104",25,3,0,0,3550552,1999,"Not available",NA,"30_49","DCIS"
"file_path1.105",26,0,2.1,74,3566625,2000,"ER+",1.62,"30_49","DCIS"
"file_path1.106",26,1,0.5,18,3566625,2000,"ER-",0.62,"30_49","DCIS"
"file_path1.107",26,2,17.3,610,3566625,2000,"Borderline/Unk",1.44,"30_49","DCIS"
"file_path1.108",26,3,0,0,3566625,2000,"Not available",NA,"30_49","DCIS"
"file_path1.109",27,0,1.8,63,3582238,2001,"ER+",1.38,"30_49","DCIS"
"file_path1.110",27,1,0.6,23,3582238,2001,"ER-",0.75,"30_49","DCIS"
"file_path1.111",27,2,16.9,607,3582238,2001,"Borderline/Unk",1.41,"30_49","DCIS"
"file_path1.112",27,3,0,0,3582238,2001,"Not available",NA,"30_49","DCIS"
"file_path1.113",28,0,2.1,77,3576144,2002,"ER+",1.62,"30_49","DCIS"
"file_path1.114",28,1,0.5,19,3576144,2002,"ER-",0.62,"30_49","DCIS"
"file_path1.115",28,2,17,614,3576144,2002,"Borderline/Unk",1.42,"30_49","DCIS"
"file_path1.116",28,3,0,0,3576144,2002,"Not available",NA,"30_49","DCIS"
"file_path1.117",29,0,7.4,270,3556487,2003,"ER+",5.69,"30_49","DCIS"
"file_path1.118",29,1,1.2,42,3556487,2003,"ER-",1.5,"30_49","DCIS"
"file_path1.119",29,2,12.6,459,3556487,2003,"Borderline/Unk",1.05,"30_49","DCIS"
"file_path1.120",29,3,0,0,3556487,2003,"Not available",NA,"30_49","DCIS"
"file_path1.121",30,0,12.7,461,3535158,2004,"ER+",9.77,"30_49","DCIS"
"file_path1.122",30,1,1.8,65,3535158,2004,"ER-",2.25,"30_49","DCIS"
"file_path1.123",30,2,9.1,330,3535158,2004,"Borderline/Unk",0.76,"30_49","DCIS"
"file_path1.124",30,3,0,0,3535158,2004,"Not available",NA,"30_49","DCIS"
"file_path1.125",31,0,13.3,483,3521698,2005,"ER+",10.23,"30_49","DCIS"
"file_path1.126",31,1,2.3,84,3521698,2005,"ER-",2.87,"30_49","DCIS"
"file_path1.127",31,2,6.2,225,3521698,2005,"Borderline/Unk",0.52,"30_49","DCIS"
"file_path1.128",31,3,0,0,3521698,2005,"Not available",NA,"30_49","DCIS"
"file_path1.129",32,0,15.5,568,3516223,2006,"ER+",11.92,"30_49","DCIS"
"file_path1.130",32,1,2.4,86,3516223,2006,"ER-",3,"30_49","DCIS"
"file_path1.131",32,2,5.2,192,3516223,2006,"Borderline/Unk",0.43,"30_49","DCIS"
"file_path1.132",32,3,0,0,3516223,2006,"Not available",NA,"30_49","DCIS"
"file_path1.133",33,0,17.8,647,3509706,2007,"ER+",13.69,"30_49","DCIS"
"file_path1.134",33,1,2,74,3509706,2007,"ER-",2.5,"30_49","DCIS"
"file_path1.135",33,2,4.5,167,3509706,2007,"Borderline/Unk",0.38,"30_49","DCIS"
"file_path1.136",33,3,0,0,3509706,2007,"Not available",NA,"30_49","DCIS"
"file_path1.137",34,0,17.4,630,3507079,2008,"ER+",13.38,"30_49","DCIS"
"file_path1.138",34,1,2.4,88,3507079,2008,"ER-",3,"30_49","DCIS"
"file_path1.139",34,2,3.5,127,3507079,2008,"Borderline/Unk",0.29,"30_49","DCIS"
"file_path1.140",34,3,0,0,3507079,2008,"Not available",NA,"30_49","DCIS"
"file_path1.141",35,0,19.7,710,3509252,2009,"ER+",15.15,"30_49","DCIS"
"file_path1.142",35,1,1.7,61,3509252,2009,"ER-",2.12,"30_49","DCIS"
"file_path1.143",35,2,3.5,127,3509252,2009,"Borderline/Unk",0.29,"30_49","DCIS"
"file_path1.144",35,3,0,0,3509252,2009,"Not available",NA,"30_49","DCIS"
"file_path1.145",36,0,18.2,652,3509793,2010,"ER+",14,"30_49","DCIS"
"file_path1.146",36,1,1.4,52,3509793,2010,"ER-",1.75,"30_49","DCIS"
"file_path1.147",36,2,2.5,90,3509793,2010,"Borderline/Unk",0.21,"30_49","DCIS"
"file_path1.148",36,3,0,0,3509793,2010,"Not available",NA,"30_49","DCIS"
"file_path1.149",37,0,21.5,767,3512742,2011,"ER+",16.54,"30_49","DCIS"
"file_path1.150",37,1,1.8,67,3512742,2011,"ER-",2.25,"30_49","DCIS"
"file_path1.151",37,2,2,73,3512742,2011,"Borderline/Unk",0.17,"30_49","DCIS"
"file_path1.152",37,3,0,0,3512742,2011,"Not available",NA,"30_49","DCIS"
"file_path1.153",38,0,20.5,723,3522648,2012,"ER+",15.77,"30_49","DCIS"
"file_path1.154",38,1,1.9,67,3522648,2012,"ER-",2.37,"30_49","DCIS"
"file_path1.155",38,2,1.6,57,3522648,2012,"Borderline/Unk",0.13,"30_49","DCIS"
"file_path1.156",38,3,0,0,3522648,2012,"Not available",NA,"30_49","DCIS"
"file_path1.157",39,0,21.3,747,3527892,2013,"ER+",16.38,"30_49","DCIS"
"file_path1.158",39,1,1.7,60,3527892,2013,"ER-",2.12,"30_49","DCIS"
"file_path1.159",39,2,1.3,47,3527892,2013,"Borderline/Unk",0.11,"30_49","DCIS"
"file_path1.160",39,3,0,0,3527892,2013,"Not available",NA,"30_49","DCIS"
"file_path1.161",40,0,20.9,726,3534631,2014,"ER+",16.08,"30_49","DCIS"
"file_path1.162",40,1,2,71,3534631,2014,"ER-",2.5,"30_49","DCIS"
"file_path1.163",40,2,1.1,38,3534631,2014,"Borderline/Unk",0.09,"30_49","DCIS"
"file_path1.164",40,3,0,0,3534631,2014,"Not available",NA,"30_49","DCIS"
"file_path1.165",41,0,18.5,638,3555765,2015,"ER+",14.23,"30_49","DCIS"
"file_path1.166",41,1,1.8,64,3555765,2015,"ER-",2.25,"30_49","DCIS"
"file_path1.167",41,2,1,34,3555765,2015,"Borderline/Unk",0.08,"30_49","DCIS"
"file_path1.168",41,3,0,0,3555765,2015,"Not available",NA,"30_49","DCIS"
"file_path1.169",42,0,19,659,3586143,2016,"ER+",14.62,"30_49","DCIS"
"file_path1.170",42,1,1.6,54,3586143,2016,"ER-",2,"30_49","DCIS"
"file_path1.171",42,2,1.2,43,3586143,2016,"Borderline/Unk",0.1,"30_49","DCIS"
"file_path1.172",42,3,0,0,3586143,2016,"Not available",NA,"30_49","DCIS"
"file_path1.173",43,0,19.6,679,3614042,2017,"ER+",15.08,"30_49","DCIS"
"file_path1.174",43,1,1.7,58,3614042,2017,"ER-",2.12,"30_49","DCIS"
"file_path1.175",43,2,0.9,32,3614042,2017,"Borderline/Unk",0.07,"30_49","DCIS"
"file_path1.176",43,3,0,0,3614042,2017,"Not available",NA,"30_49","DCIS"
"file_path1.177",44,0,20.2,705,3639121,2018,"ER+",15.54,"30_49","DCIS"
"file_path1.178",44,1,1.6,59,3639121,2018,"ER-",2,"30_49","DCIS"
"file_path1.179",44,2,1,34,3639121,2018,"Borderline/Unk",0.08,"30_49","DCIS"
"file_path1.180",44,3,0,0,3639121,2018,"Not available",NA,"30_49","DCIS"
"file_path1.181",45,0,21.2,747,3659631,2019,"ER+",16.31,"30_49","DCIS"
"file_path1.182",45,1,2.1,74,3659631,2019,"ER-",2.62,"30_49","DCIS"
"file_path1.183",45,2,0.9,33,3659631,2019,"Borderline/Unk",0.07,"30_49","DCIS"
"file_path1.184",45,3,0,0,3659631,2019,"Not available",NA,"30_49","DCIS"
"file_path1.185",46,0,18,630,3677001,2020,"ER+",13.85,"30_49","DCIS"
"file_path1.186",46,1,2,69,3677001,2020,"ER-",2.5,"30_49","DCIS"
"file_path1.187",46,2,0.9,31,3677001,2020,"Borderline/Unk",0.07,"30_49","DCIS"
"file_path1.188",46,3,0,0,3677001,2020,"Not available",NA,"30_49","DCIS"
"file_path2.1",0,0,27.4,39168,141845089,1974,"ER+",8.84,"50_84","DCIS"
"file_path2.2",0,1,5,7183,141845089,1974,"ER-",2.38,"50_84","DCIS"
"file_path2.3",0,2,17.4,24689,141845089,1974,"Borderline/Unk",0.51,"50_84","DCIS"
"file_path2.4",0,3,3.9,5539,141845089,1974,"Not available",Inf,"50_84","DCIS"
"file_path2.5",1,0,0,0,2091394,1975,"ER+",0,"50_84","DCIS"
"file_path2.6",1,1,0,0,2091394,1975,"ER-",0,"50_84","DCIS"
"file_path2.7",1,2,0,0,2091394,1975,"Borderline/Unk",0,"50_84","DCIS"
"file_path2.8",1,3,7.7,159,2091394,1975,"Not available",Inf,"50_84","DCIS"
"file_path2.9",2,0,0,0,2125985,1976,"ER+",0,"50_84","DCIS"
"file_path2.10",2,1,0,0,2125985,1976,"ER-",0,"50_84","DCIS"
"file_path2.11",2,2,0,0,2125985,1976,"Borderline/Unk",0,"50_84","DCIS"
"file_path2.12",2,3,8.3,176,2125985,1976,"Not available",Inf,"50_84","DCIS"
"file_path2.13",3,0,0,0,2158440,1977,"ER+",0,"50_84","DCIS"
"file_path2.14",3,1,0,0,2158440,1977,"ER-",0,"50_84","DCIS"
"file_path2.15",3,2,0,0,2158440,1977,"Borderline/Unk",0,"50_84","DCIS"
"file_path2.16",3,3,6.2,134,2158440,1977,"Not available",Inf,"50_84","DCIS"
"file_path2.17",4,0,0,0,2193552,1978,"ER+",0,"50_84","DCIS"
"file_path2.18",4,1,0,0,2193552,1978,"ER-",0,"50_84","DCIS"
"file_path2.19",4,2,0,0,2193552,1978,"Borderline/Unk",0,"50_84","DCIS"
"file_path2.20",4,3,7.5,162,2193552,1978,"Not available",Inf,"50_84","DCIS"
"file_path2.21",5,0,0,0,2229491,1979,"ER+",0,"50_84","DCIS"
"file_path2.22",5,1,0,0,2229491,1979,"ER-",0,"50_84","DCIS"
"file_path2.23",5,2,0,0,2229491,1979,"Borderline/Unk",0,"50_84","DCIS"
"file_path2.24",5,3,6.3,140,2229491,1979,"Not available",Inf,"50_84","DCIS"
"file_path2.25",6,0,0,0,2267619,1980,"ER+",0,"50_84","DCIS"
"file_path2.26",6,1,0,0,2267619,1980,"ER-",0,"50_84","DCIS"
"file_path2.27",6,2,0,0,2267619,1980,"Borderline/Unk",0,"50_84","DCIS"
"file_path2.28",6,3,6.6,149,2267619,1980,"Not available",Inf,"50_84","DCIS"
"file_path2.29",7,0,0,0,2293525,1981,"ER+",0,"50_84","DCIS"
"file_path2.30",7,1,0,0,2293525,1981,"ER-",0,"50_84","DCIS"
"file_path2.31",7,2,0,0,2293525,1981,"Borderline/Unk",0,"50_84","DCIS"
"file_path2.32",7,3,7.9,183,2293525,1981,"Not available",Inf,"50_84","DCIS"
"file_path2.33",8,0,0,0,2311036,1982,"ER+",0,"50_84","DCIS"
"file_path2.34",8,1,0,0,2311036,1982,"ER-",0,"50_84","DCIS"
"file_path2.35",8,2,0,0,2311036,1982,"Borderline/Unk",0,"50_84","DCIS"
"file_path2.36",8,3,7.7,178,2311036,1982,"Not available",Inf,"50_84","DCIS"
"file_path2.37",9,0,0,0,2327466,1983,"ER+",0,"50_84","DCIS"
"file_path2.38",9,1,0,0,2327466,1983,"ER-",0,"50_84","DCIS"
"file_path2.39",9,2,0,0,2327466,1983,"Borderline/Unk",0,"50_84","DCIS"
"file_path2.40",9,3,9.7,226,2327466,1983,"Not available",Inf,"50_84","DCIS"
"file_path2.41",10,0,0,0,2342960,1984,"ER+",0,"50_84","DCIS"
"file_path2.42",10,1,0,0,2342960,1984,"ER-",0,"50_84","DCIS"
"file_path2.43",10,2,0,0,2342960,1984,"Borderline/Unk",0,"50_84","DCIS"
"file_path2.44",10,3,14,327,2342960,1984,"Not available",Inf,"50_84","DCIS"
"file_path2.45",11,0,0,0,2361316,1985,"ER+",0,"50_84","DCIS"
"file_path2.46",11,1,0,0,2361316,1985,"ER-",0,"50_84","DCIS"
"file_path2.47",11,2,0,0,2361316,1985,"Borderline/Unk",0,"50_84","DCIS"
"file_path2.48",11,3,21.2,511,2361316,1985,"Not available",Inf,"50_84","DCIS"
"file_path2.49",12,0,0,0,2375929,1986,"ER+",0,"50_84","DCIS"
"file_path2.50",12,1,0,0,2375929,1986,"ER-",0,"50_84","DCIS"
"file_path2.51",12,2,0,0,2375929,1986,"Borderline/Unk",0,"50_84","DCIS"
"file_path2.52",12,3,26.6,638,2375929,1986,"Not available",Inf,"50_84","DCIS"
"file_path2.53",13,0,0,0,2392155,1987,"ER+",0,"50_84","DCIS"
"file_path2.54",13,1,0,0,2392155,1987,"ER-",0,"50_84","DCIS"
"file_path2.55",13,2,0,0,2392155,1987,"Borderline/Unk",0,"50_84","DCIS"
"file_path2.56",13,3,34,830,2392155,1987,"Not available",Inf,"50_84","DCIS"
"file_path2.57",14,0,0,0,2414434,1988,"ER+",0,"50_84","DCIS"
"file_path2.58",14,1,0,0,2414434,1988,"ER-",0,"50_84","DCIS"
"file_path2.59",14,2,0,0,2414434,1988,"Borderline/Unk",0,"50_84","DCIS"
"file_path2.60",14,3,35.9,879,2414434,1988,"Not available",Inf,"50_84","DCIS"
"file_path2.61",15,0,0,0,2435341,1989,"ER+",0,"50_84","DCIS"
"file_path2.62",15,1,0,0,2435341,1989,"ER-",0,"50_84","DCIS"
"file_path2.63",15,2,0,0,2435341,1989,"Borderline/Unk",0,"50_84","DCIS"
"file_path2.64",15,3,34.1,847,2435341,1989,"Not available",Inf,"50_84","DCIS"
"file_path2.65",16,0,3.1,79,2459037,1990,"ER+",1,"50_84","DCIS"
"file_path2.66",16,1,2.1,54,2459037,1990,"ER-",1,"50_84","DCIS"
"file_path2.67",16,2,34.4,860,2459037,1990,"Borderline/Unk",1,"50_84","DCIS"
"file_path2.68",16,3,0,0,2459037,1990,"Not available",NA,"50_84","DCIS"
"file_path2.69",17,0,6.4,165,2490815,1991,"ER+",2.06,"50_84","DCIS"
"file_path2.70",17,1,3.7,92,2490815,1991,"ER-",1.76,"50_84","DCIS"
"file_path2.71",17,2,30.8,778,2490815,1991,"Borderline/Unk",0.9,"50_84","DCIS"
"file_path2.72",17,3,0,0,2490815,1991,"Not available",NA,"50_84","DCIS"
"file_path2.73",18,0,8,206,2531320,1992,"ER+",2.58,"50_84","DCIS"
"file_path2.74",18,1,3.6,94,2531320,1992,"ER-",1.71,"50_84","DCIS"
"file_path2.75",18,2,33.7,856,2531320,1992,"Borderline/Unk",0.98,"50_84","DCIS"
"file_path2.76",18,3,0,0,2531320,1992,"Not available",NA,"50_84","DCIS"
"file_path2.77",19,0,7.1,185,2582960,1993,"ER+",2.29,"50_84","DCIS"
"file_path2.78",19,1,2.9,75,2582960,1993,"ER-",1.38,"50_84","DCIS"
"file_path2.79",19,2,35.5,935,2582960,1993,"Borderline/Unk",1.03,"50_84","DCIS"
"file_path2.80",19,3,0,0,2582960,1993,"Not available",NA,"50_84","DCIS"
"file_path2.81",20,0,7.2,198,2627699,1994,"ER+",2.32,"50_84","DCIS"
"file_path2.82",20,1,2.2,57,2627699,1994,"ER-",1.05,"50_84","DCIS"
"file_path2.83",20,2,38.1,1009,2627699,1994,"Borderline/Unk",1.11,"50_84","DCIS"
"file_path2.84",20,3,0,0,2627699,1994,"Not available",NA,"50_84","DCIS"
"file_path2.85",21,0,7,191,2671948,1995,"ER+",2.26,"50_84","DCIS"
"file_path2.86",21,1,2.4,66,2671948,1995,"ER-",1.14,"50_84","DCIS"
"file_path2.87",21,2,44.2,1192,2671948,1995,"Borderline/Unk",1.28,"50_84","DCIS"
"file_path2.88",21,3,0,0,2671948,1995,"Not available",NA,"50_84","DCIS"
"file_path2.89",22,0,6.3,171,2711198,1996,"ER+",2.03,"50_84","DCIS"
"file_path2.90",22,1,2.3,62,2711198,1996,"ER-",1.1,"50_84","DCIS"
"file_path2.91",22,2,44.9,1222,2711198,1996,"Borderline/Unk",1.31,"50_84","DCIS"
"file_path2.92",22,3,0,0,2711198,1996,"Not available",NA,"50_84","DCIS"
"file_path2.93",23,0,6.6,185,2795024,1997,"ER+",2.13,"50_84","DCIS"
"file_path2.94",23,1,2.2,62,2795024,1997,"ER-",1.05,"50_84","DCIS"
"file_path2.95",23,2,51.4,1439,2795024,1997,"Borderline/Unk",1.49,"50_84","DCIS"
"file_path2.96",23,3,0,0,2795024,1997,"Not available",NA,"50_84","DCIS"
"file_path2.97",24,0,6.7,192,2864636,1998,"ER+",2.16,"50_84","DCIS"
"file_path2.98",24,1,2.1,60,2864636,1998,"ER-",1,"50_84","DCIS"
"file_path2.99",24,2,60.3,1721,2864636,1998,"Borderline/Unk",1.75,"50_84","DCIS"
"file_path2.100",24,3,0,0,2864636,1998,"Not available",NA,"50_84","DCIS"
"file_path2.101",25,0,7.4,215,2931582,1999,"ER+",2.39,"50_84","DCIS"
"file_path2.102",25,1,1.7,51,2931582,1999,"ER-",0.81,"50_84","DCIS"
"file_path2.103",25,2,60.7,1771,2931582,1999,"Borderline/Unk",1.76,"50_84","DCIS"
"file_path2.104",25,3,0,0,2931582,1999,"Not available",NA,"50_84","DCIS"
"file_path2.105",26,0,7.7,229,3000785,2000,"ER+",2.48,"50_84","DCIS"
"file_path2.106",26,1,1.7,50,3000785,2000,"ER-",0.81,"50_84","DCIS"
"file_path2.107",26,2,61.4,1831,3000785,2000,"Borderline/Unk",1.78,"50_84","DCIS"
"file_path2.108",26,3,0,0,3000785,2000,"Not available",NA,"50_84","DCIS"
"file_path2.109",27,0,6.4,199,3072254,2001,"ER+",2.06,"50_84","DCIS"
"file_path2.110",27,1,1.7,52,3072254,2001,"ER-",0.81,"50_84","DCIS"
"file_path2.111",27,2,62.9,1926,3072254,2001,"Borderline/Unk",1.83,"50_84","DCIS"
"file_path2.112",27,3,0,0,3072254,2001,"Not available",NA,"50_84","DCIS"
"file_path2.113",28,0,7.7,241,3145439,2002,"ER+",2.48,"50_84","DCIS"
"file_path2.114",28,1,2.1,67,3145439,2002,"ER-",1,"50_84","DCIS"
"file_path2.115",28,2,63.1,1967,3145439,2002,"Borderline/Unk",1.83,"50_84","DCIS"
"file_path2.116",28,3,0,0,3145439,2002,"Not available",NA,"50_84","DCIS"
"file_path2.117",29,0,19.8,633,3222798,2003,"ER+",6.39,"50_84","DCIS"
"file_path2.118",29,1,4.7,151,3222798,2003,"ER-",2.24,"50_84","DCIS"
"file_path2.119",29,2,45.6,1453,3222798,2003,"Borderline/Unk",1.33,"50_84","DCIS"
"file_path2.120",29,3,0,0,3222798,2003,"Not available",NA,"50_84","DCIS"
"file_path2.121",30,0,34.8,1140,3303960,2004,"ER+",11.23,"50_84","DCIS"
"file_path2.122",30,1,8.6,280,3303960,2004,"ER-",4.1,"50_84","DCIS"
"file_path2.123",30,2,28.9,943,3303960,2004,"Borderline/Unk",0.84,"50_84","DCIS"
"file_path2.124",30,3,0,0,3303960,2004,"Not available",NA,"50_84","DCIS"
"file_path2.125",31,0,38.9,1302,3391336,2005,"ER+",12.55,"50_84","DCIS"
"file_path2.126",31,1,9,303,3391336,2005,"ER-",4.29,"50_84","DCIS"
"file_path2.127",31,2,21.1,708,3391336,2005,"Borderline/Unk",0.61,"50_84","DCIS"
"file_path2.128",31,3,0,0,3391336,2005,"Not available",NA,"50_84","DCIS"
"file_path2.129",32,0,40.3,1386,3483572,2006,"ER+",13,"50_84","DCIS"
"file_path2.130",32,1,8.9,307,3483572,2006,"ER-",4.24,"50_84","DCIS"
"file_path2.131",32,2,17.9,611,3483572,2006,"Borderline/Unk",0.52,"50_84","DCIS"
"file_path2.132",32,3,0,0,3483572,2006,"Not available",NA,"50_84","DCIS"
"file_path2.133",33,0,45.7,1620,3578140,2007,"ER+",14.74,"50_84","DCIS"
"file_path2.134",33,1,9.5,336,3578140,2007,"ER-",4.52,"50_84","DCIS"
"file_path2.135",33,2,17,596,3578140,2007,"Borderline/Unk",0.49,"50_84","DCIS"
"file_path2.136",33,3,0,0,3578140,2007,"Not available",NA,"50_84","DCIS"
"file_path2.137",34,0,52.8,1915,3673321,2008,"ER+",17.03,"50_84","DCIS"
"file_path2.138",34,1,11.2,401,3673321,2008,"ER-",5.33,"50_84","DCIS"
"file_path2.139",34,2,14.8,534,3673321,2008,"Borderline/Unk",0.43,"50_84","DCIS"
"file_path2.140",34,3,0,0,3673321,2008,"Not available",NA,"50_84","DCIS"
"file_path2.141",35,0,55.2,2062,3772999,2009,"ER+",17.81,"50_84","DCIS"
"file_path2.142",35,1,10,371,3772999,2009,"ER-",4.76,"50_84","DCIS"
"file_path2.143",35,2,11.8,429,3772999,2009,"Borderline/Unk",0.34,"50_84","DCIS"
"file_path2.144",35,3,0,0,3772999,2009,"Not available",NA,"50_84","DCIS"
"file_path2.145",36,0,52.1,2002,3875139,2010,"ER+",16.81,"50_84","DCIS"
"file_path2.146",36,1,9.2,346,3875139,2010,"ER-",4.38,"50_84","DCIS"
"file_path2.147",36,2,8.9,333,3875139,2010,"Borderline/Unk",0.26,"50_84","DCIS"
"file_path2.148",36,3,0,0,3875139,2010,"Not available",NA,"50_84","DCIS"
"file_path2.149",37,0,56.9,2238,3973126,2011,"ER+",18.35,"50_84","DCIS"
"file_path2.150",37,1,10.3,409,3973126,2011,"ER-",4.9,"50_84","DCIS"
"file_path2.151",37,2,6,231,3973126,2011,"Borderline/Unk",0.17,"50_84","DCIS"
"file_path2.152",37,3,0,0,3973126,2011,"Not available",NA,"50_84","DCIS"
"file_path2.153",38,0,55.3,2238,4067842,2012,"ER+",17.84,"50_84","DCIS"
"file_path2.154",38,1,8.4,343,4067842,2012,"ER-",4,"50_84","DCIS"
"file_path2.155",38,2,5.6,226,4067842,2012,"Borderline/Unk",0.16,"50_84","DCIS"
"file_path2.156",38,3,0,0,4067842,2012,"Not available",NA,"50_84","DCIS"
"file_path2.157",39,0,58.2,2406,4157120,2013,"ER+",18.77,"50_84","DCIS"
"file_path2.158",39,1,9,376,4157120,2013,"ER-",4.29,"50_84","DCIS"
"file_path2.159",39,2,4.4,186,4157120,2013,"Borderline/Unk",0.13,"50_84","DCIS"
"file_path2.160",39,3,0,0,4157120,2013,"Not available",NA,"50_84","DCIS"
"file_path2.161",40,0,57.3,2460,4244530,2014,"ER+",18.48,"50_84","DCIS"
"file_path2.162",40,1,8.4,355,4244530,2014,"ER-",4,"50_84","DCIS"
"file_path2.163",40,2,3.4,145,4244530,2014,"Borderline/Unk",0.1,"50_84","DCIS"
"file_path2.164",40,3,0,0,4244530,2014,"Not available",NA,"50_84","DCIS"
"file_path2.165",41,0,56.2,2456,4324266,2015,"ER+",18.13,"50_84","DCIS"
"file_path2.166",41,1,8.5,370,4324266,2015,"ER-",4.05,"50_84","DCIS"
"file_path2.167",41,2,3.5,149,4324266,2015,"Borderline/Unk",0.1,"50_84","DCIS"
"file_path2.168",41,3,0,0,4324266,2015,"Not available",NA,"50_84","DCIS"
"file_path2.169",42,0,53.7,2383,4393740,2016,"ER+",17.32,"50_84","DCIS"
"file_path2.170",42,1,7.4,334,4393740,2016,"ER-",3.52,"50_84","DCIS"
"file_path2.171",42,2,3.8,165,4393740,2016,"Borderline/Unk",0.11,"50_84","DCIS"
"file_path2.172",42,3,0,0,4393740,2016,"Not available",NA,"50_84","DCIS"
"file_path2.173",43,0,53.9,2436,4455144,2017,"ER+",17.39,"50_84","DCIS"
"file_path2.174",43,1,8.2,376,4455144,2017,"ER-",3.9,"50_84","DCIS"
"file_path2.175",43,2,2.7,118,4455144,2017,"Borderline/Unk",0.08,"50_84","DCIS"
"file_path2.176",43,3,0,0,4455144,2017,"Not available",NA,"50_84","DCIS"
"file_path2.177",44,0,57.3,2633,4514964,2018,"ER+",18.48,"50_84","DCIS"
"file_path2.178",44,1,9.2,424,4514964,2018,"ER-",4.38,"50_84","DCIS"
"file_path2.179",44,2,2.5,114,4514964,2018,"Borderline/Unk",0.07,"50_84","DCIS"
"file_path2.180",44,3,0,0,4514964,2018,"Not available",NA,"50_84","DCIS"
"file_path2.181",45,0,61.5,2869,4574483,2019,"ER+",19.84,"50_84","DCIS"
"file_path2.182",45,1,9.3,436,4574483,2019,"ER-",4.43,"50_84","DCIS"
"file_path2.183",45,2,2.5,118,4574483,2019,"Borderline/Unk",0.07,"50_84","DCIS"
"file_path2.184",45,3,0,0,4574483,2019,"Not available",NA,"50_84","DCIS"
"file_path2.185",46,0,53.9,2533,4633269,2020,"ER+",17.39,"50_84","DCIS"
"file_path2.186",46,1,9,423,4633269,2020,"ER-",4.29,"50_84","DCIS"
"file_path2.187",46,2,2.6,123,4633269,2020,"Borderline/Unk",0.08,"50_84","DCIS"
"file_path2.188",46,3,0,0,4633269,2020,"Not available",NA,"50_84","DCIS"
"file_path3.1",0,0,17.5,51450,286060772,1974,"ER+",7.95,"30_84","DCIS"
"file_path3.2",0,1,2.9,8683,286060772,1974,"ER-",2.07,"30_84","DCIS"
"file_path3.3",0,2,11.4,33192,286060772,1974,"Borderline/Unk",0.51,"30_84","DCIS"
"file_path3.4",0,3,2.6,7613,286060772,1974,"Not available",Inf,"30_84","DCIS"
"file_path3.5",1,0,0,0,4015954,1975,"ER+",0,"30_84","DCIS"
"file_path3.6",1,1,0,0,4015954,1975,"ER-",0,"30_84","DCIS"
"file_path3.7",1,2,0,0,4015954,1975,"Borderline/Unk",0,"30_84","DCIS"
"file_path3.8",1,3,5.8,237,4015954,1975,"Not available",Inf,"30_84","DCIS"
"file_path3.9",2,0,0,0,4074780,1976,"ER+",0,"30_84","DCIS"
"file_path3.10",2,1,0,0,4074780,1976,"ER-",0,"30_84","DCIS"
"file_path3.11",2,2,0,0,4074780,1976,"Borderline/Unk",0,"30_84","DCIS"
"file_path3.12",2,3,5.9,248,4074780,1976,"Not available",Inf,"30_84","DCIS"
"file_path3.13",3,0,0,0,4175534,1977,"ER+",0,"30_84","DCIS"
"file_path3.14",3,1,0,0,4175534,1977,"ER-",0,"30_84","DCIS"
"file_path3.15",3,2,0,0,4175534,1977,"Borderline/Unk",0,"30_84","DCIS"
"file_path3.16",3,3,4.2,182,4175534,1977,"Not available",Inf,"30_84","DCIS"
"file_path3.17",4,0,0,0,4268887,1978,"ER+",0,"30_84","DCIS"
"file_path3.18",4,1,0,0,4268887,1978,"ER-",0,"30_84","DCIS"
"file_path3.19",4,2,0,0,4268887,1978,"Borderline/Unk",0,"30_84","DCIS"
"file_path3.20",4,3,5.1,220,4268887,1978,"Not available",Inf,"30_84","DCIS"
"file_path3.21",5,0,0,0,4368037,1979,"ER+",0,"30_84","DCIS"
"file_path3.22",5,1,0,0,4368037,1979,"ER-",0,"30_84","DCIS"
"file_path3.23",5,2,0,0,4368037,1979,"Borderline/Unk",0,"30_84","DCIS"
"file_path3.24",5,3,4.8,205,4368037,1979,"Not available",Inf,"30_84","DCIS"
"file_path3.25",6,0,0,0,4470558,1980,"ER+",0,"30_84","DCIS"
"file_path3.26",6,1,0,0,4470558,1980,"ER-",0,"30_84","DCIS"
"file_path3.27",6,2,0,0,4470558,1980,"Borderline/Unk",0,"30_84","DCIS"
"file_path3.28",6,3,5.2,225,4470558,1980,"Not available",Inf,"30_84","DCIS"
"file_path3.29",7,0,0,0,4565848,1981,"ER+",0,"30_84","DCIS"
"file_path3.30",7,1,0,0,4565848,1981,"ER-",0,"30_84","DCIS"
"file_path3.31",7,2,0,0,4565848,1981,"Borderline/Unk",0,"30_84","DCIS"
"file_path3.32",7,3,5.5,250,4565848,1981,"Not available",Inf,"30_84","DCIS"
"file_path3.33",8,0,0,0,4653643,1982,"ER+",0,"30_84","DCIS"
"file_path3.34",8,1,0,0,4653643,1982,"ER-",0,"30_84","DCIS"
"file_path3.35",8,2,0,0,4653643,1982,"Borderline/Unk",0,"30_84","DCIS"
"file_path3.36",8,3,5.5,248,4653643,1982,"Not available",Inf,"30_84","DCIS"
"file_path3.37",9,0,0,0,4751035,1983,"ER+",0,"30_84","DCIS"
"file_path3.38",9,1,0,0,4751035,1983,"ER-",0,"30_84","DCIS"
"file_path3.39",9,2,0,0,4751035,1983,"Borderline/Unk",0,"30_84","DCIS"
"file_path3.40",9,3,6.4,301,4751035,1983,"Not available",Inf,"30_84","DCIS"
"file_path3.41",10,0,0,0,4854179,1984,"ER+",0,"30_84","DCIS"
"file_path3.42",10,1,0,0,4854179,1984,"ER-",0,"30_84","DCIS"
"file_path3.43",10,2,0,0,4854179,1984,"Borderline/Unk",0,"30_84","DCIS"
"file_path3.44",10,3,10,466,4854179,1984,"Not available",Inf,"30_84","DCIS"
"file_path3.45",11,0,0,0,4959921,1985,"ER+",0,"30_84","DCIS"
"file_path3.46",11,1,0,0,4959921,1985,"ER-",0,"30_84","DCIS"
"file_path3.47",11,2,0,0,4959921,1985,"Borderline/Unk",0,"30_84","DCIS"
"file_path3.48",11,3,14.5,700,4959921,1985,"Not available",Inf,"30_84","DCIS"
"file_path3.49",12,0,0,0,5065600,1986,"ER+",0,"30_84","DCIS"
"file_path3.50",12,1,0,0,5065600,1986,"ER-",0,"30_84","DCIS"
"file_path3.51",12,2,0,0,5065600,1986,"Borderline/Unk",0,"30_84","DCIS"
"file_path3.52",12,3,17.8,870,5065600,1986,"Not available",Inf,"30_84","DCIS"
"file_path3.53",13,0,0,0,5178607,1987,"ER+",0,"30_84","DCIS"
"file_path3.54",13,1,0,0,5178607,1987,"ER-",0,"30_84","DCIS"
"file_path3.55",13,2,0,0,5178607,1987,"Borderline/Unk",0,"30_84","DCIS"
"file_path3.56",13,3,21.9,1103,5178607,1987,"Not available",Inf,"30_84","DCIS"
"file_path3.57",14,0,0,0,5295128,1988,"ER+",0,"30_84","DCIS"
"file_path3.58",14,1,0,0,5295128,1988,"ER-",0,"30_84","DCIS"
"file_path3.59",14,2,0,0,5295128,1988,"Borderline/Unk",0,"30_84","DCIS"
"file_path3.60",14,3,23.8,1214,5295128,1988,"Not available",Inf,"30_84","DCIS"
"file_path3.61",15,0,0,0,5402960,1989,"ER+",0,"30_84","DCIS"
"file_path3.62",15,1,0,0,5402960,1989,"ER-",0,"30_84","DCIS"
"file_path3.63",15,2,0,0,5402960,1989,"Borderline/Unk",0,"30_84","DCIS"
"file_path3.64",15,3,21.8,1144,5402960,1989,"Not available",Inf,"30_84","DCIS"
"file_path3.65",16,0,2.2,115,5513112,1990,"ER+",1,"30_84","DCIS"
"file_path3.66",16,1,1.4,76,5513112,1990,"ER-",1,"30_84","DCIS"
"file_path3.67",16,2,22.3,1184,5513112,1990,"Borderline/Unk",1,"30_84","DCIS"
"file_path3.68",16,3,0,0,5513112,1990,"Not available",NA,"30_84","DCIS"
"file_path3.69",17,0,4.1,225,5641442,1991,"ER+",1.86,"30_84","DCIS"
"file_path3.70",17,1,2.3,125,5641442,1991,"ER-",1.64,"30_84","DCIS"
"file_path3.71",17,2,20.8,1121,5641442,1991,"Borderline/Unk",0.93,"30_84","DCIS"
"file_path3.72",17,3,0,0,5641442,1991,"Not available",NA,"30_84","DCIS"
"file_path3.73",18,0,5,278,5776781,1992,"ER+",2.27,"30_84","DCIS"
"file_path3.74",18,1,2.3,126,5776781,1992,"ER-",1.64,"30_84","DCIS"
"file_path3.75",18,2,22,1202,5776781,1992,"Borderline/Unk",0.99,"30_84","DCIS"
"file_path3.76",18,3,0,0,5776781,1992,"Not available",NA,"30_84","DCIS"
"file_path3.77",19,0,4.3,243,5898764,1993,"ER+",1.95,"30_84","DCIS"
"file_path3.78",19,1,2,112,5898764,1993,"ER-",1.43,"30_84","DCIS"
"file_path3.79",19,2,22.4,1269,5898764,1993,"Borderline/Unk",1,"30_84","DCIS"
"file_path3.80",19,3,0,0,5898764,1993,"Not available",NA,"30_84","DCIS"
"file_path3.81",20,0,4.4,260,6013463,1994,"ER+",2,"30_84","DCIS"
"file_path3.82",20,1,1.4,78,6013463,1994,"ER-",1,"30_84","DCIS"
"file_path3.83",20,2,24.6,1413,6013463,1994,"Borderline/Unk",1.1,"30_84","DCIS"
"file_path3.84",20,3,0,0,6013463,1994,"Not available",NA,"30_84","DCIS"
"file_path3.85",21,0,4.1,247,6119083,1995,"ER+",1.86,"30_84","DCIS"
"file_path3.86",21,1,1.5,86,6119083,1995,"ER-",1.07,"30_84","DCIS"
"file_path3.87",21,2,27.9,1638,6119083,1995,"Borderline/Unk",1.25,"30_84","DCIS"
"file_path3.88",21,3,0,0,6119083,1995,"Not available",NA,"30_84","DCIS"
"file_path3.89",22,0,4.1,245,6215455,1996,"ER+",1.86,"30_84","DCIS"
"file_path3.90",22,1,1.4,81,6215455,1996,"ER-",1,"30_84","DCIS"
"file_path3.91",22,2,28.9,1727,6215455,1996,"Borderline/Unk",1.3,"30_84","DCIS"
"file_path3.92",22,3,0,0,6215455,1996,"Not available",NA,"30_84","DCIS"
"file_path3.93",23,0,3.9,236,6316153,1997,"ER+",1.77,"30_84","DCIS"
"file_path3.94",23,1,1.3,80,6316153,1997,"ER-",0.93,"30_84","DCIS"
"file_path3.95",23,2,33.3,2042,6316153,1997,"Borderline/Unk",1.49,"30_84","DCIS"
"file_path3.96",23,3,0,0,6316153,1997,"Not available",NA,"30_84","DCIS"
"file_path3.97",24,0,4.2,260,6405468,1998,"ER+",1.91,"30_84","DCIS"
"file_path3.98",24,1,1.3,84,6405468,1998,"ER-",0.93,"30_84","DCIS"
"file_path3.99",24,2,37.5,2342,6405468,1998,"Borderline/Unk",1.68,"30_84","DCIS"
"file_path3.100",24,3,0,0,6405468,1998,"Not available",NA,"30_84","DCIS"
"file_path3.101",25,0,4.8,304,6482134,1999,"ER+",2.18,"30_84","DCIS"
"file_path3.102",25,1,1.1,70,6482134,1999,"ER-",0.79,"30_84","DCIS"
"file_path3.103",25,2,37.3,2378,6482134,1999,"Borderline/Unk",1.67,"30_84","DCIS"
"file_path3.104",25,3,0,0,6482134,1999,"Not available",NA,"30_84","DCIS"
"file_path3.105",26,0,4.7,303,6567410,2000,"ER+",2.14,"30_84","DCIS"
"file_path3.106",26,1,1,68,6567410,2000,"ER-",0.71,"30_84","DCIS"
"file_path3.107",26,2,37.6,2441,6567410,2000,"Borderline/Unk",1.69,"30_84","DCIS"
"file_path3.108",26,3,0,0,6567410,2000,"Not available",NA,"30_84","DCIS"
"file_path3.109",27,0,3.9,262,6654492,2001,"ER+",1.77,"30_84","DCIS"
"file_path3.110",27,1,1.1,75,6654492,2001,"ER-",0.79,"30_84","DCIS"
"file_path3.111",27,2,38.1,2533,6654492,2001,"Borderline/Unk",1.71,"30_84","DCIS"
"file_path3.112",27,3,0,0,6654492,2001,"Not available",NA,"30_84","DCIS"
"file_path3.113",28,0,4.7,318,6721583,2002,"ER+",2.14,"30_84","DCIS"
"file_path3.114",28,1,1.2,86,6721583,2002,"ER-",0.86,"30_84","DCIS"
"file_path3.115",28,2,38.2,2581,6721583,2002,"Borderline/Unk",1.71,"30_84","DCIS"
"file_path3.116",28,3,0,0,6721583,2002,"Not available",NA,"30_84","DCIS"
"file_path3.117",29,0,13.1,903,6779285,2003,"ER+",5.95,"30_84","DCIS"
"file_path3.118",29,1,2.8,193,6779285,2003,"ER-",2,"30_84","DCIS"
"file_path3.119",29,2,27.8,1912,6779285,2003,"Borderline/Unk",1.25,"30_84","DCIS"
"file_path3.120",29,3,0,0,6779285,2003,"Not available",NA,"30_84","DCIS"
"file_path3.121",30,0,22.9,1601,6839118,2004,"ER+",10.41,"30_84","DCIS"
"file_path3.122",30,1,4.9,345,6839118,2004,"ER-",3.5,"30_84","DCIS"
"file_path3.123",30,2,18.2,1273,6839118,2004,"Borderline/Unk",0.82,"30_84","DCIS"
"file_path3.124",30,3,0,0,6839118,2004,"Not available",NA,"30_84","DCIS"
"file_path3.125",31,0,25.1,1785,6913034,2005,"ER+",11.41,"30_84","DCIS"
"file_path3.126",31,1,5.4,387,6913034,2005,"ER-",3.86,"30_84","DCIS"
"file_path3.127",31,2,13.1,933,6913034,2005,"Borderline/Unk",0.59,"30_84","DCIS"
"file_path3.128",31,3,0,0,6913034,2005,"Not available",NA,"30_84","DCIS"
"file_path3.129",32,0,26.9,1954,6999795,2006,"ER+",12.23,"30_84","DCIS"
"file_path3.130",32,1,5.4,393,6999795,2006,"ER-",3.86,"30_84","DCIS"
"file_path3.131",32,2,11,803,6999795,2006,"Borderline/Unk",0.49,"30_84","DCIS"
"file_path3.132",32,3,0,0,6999795,2006,"Not available",NA,"30_84","DCIS"
"file_path3.133",33,0,30.6,2267,7087846,2007,"ER+",13.91,"30_84","DCIS"
"file_path3.134",33,1,5.5,410,7087846,2007,"ER-",3.93,"30_84","DCIS"
"file_path3.135",33,2,10.3,763,7087846,2007,"Borderline/Unk",0.46,"30_84","DCIS"
"file_path3.136",33,3,0,0,7087846,2007,"Not available",NA,"30_84","DCIS"
"file_path3.137",34,0,33.7,2545,7180400,2008,"ER+",15.32,"30_84","DCIS"
"file_path3.138",34,1,6.4,489,7180400,2008,"ER-",4.57,"30_84","DCIS"
"file_path3.139",34,2,8.7,661,7180400,2008,"Borderline/Unk",0.39,"30_84","DCIS"
"file_path3.140",34,3,0,0,7180400,2008,"Not available",NA,"30_84","DCIS"
"file_path3.141",35,0,36,2772,7282251,2009,"ER+",16.36,"30_84","DCIS"
"file_path3.142",35,1,5.5,432,7282251,2009,"ER-",3.93,"30_84","DCIS"
"file_path3.143",35,2,7.3,556,7282251,2009,"Borderline/Unk",0.33,"30_84","DCIS"
"file_path3.144",35,3,0,0,7282251,2009,"Not available",NA,"30_84","DCIS"
"file_path3.145",36,0,33.8,2654,7384932,2010,"ER+",15.36,"30_84","DCIS"
"file_path3.146",36,1,5,398,7384932,2010,"ER-",3.57,"30_84","DCIS"
"file_path3.147",36,2,5.4,423,7384932,2010,"Borderline/Unk",0.24,"30_84","DCIS"
"file_path3.148",36,3,0,0,7384932,2010,"Not available",NA,"30_84","DCIS"
"file_path3.149",37,0,37.8,3005,7485868,2011,"ER+",17.18,"30_84","DCIS"
"file_path3.150",37,1,5.7,476,7485868,2011,"ER-",4.07,"30_84","DCIS"
"file_path3.151",37,2,3.9,304,7485868,2011,"Borderline/Unk",0.17,"30_84","DCIS"
"file_path3.152",37,3,0,0,7485868,2011,"Not available",NA,"30_84","DCIS"
"file_path3.153",38,0,36.5,2961,7590490,2012,"ER+",16.59,"30_84","DCIS"
"file_path3.154",38,1,4.9,410,7590490,2012,"ER-",3.5,"30_84","DCIS"
"file_path3.155",38,2,3.5,283,7590490,2012,"Borderline/Unk",0.16,"30_84","DCIS"
"file_path3.156",38,3,0,0,7590490,2012,"Not available",NA,"30_84","DCIS"
"file_path3.157",39,0,38.3,3153,7685012,2013,"ER+",17.41,"30_84","DCIS"
"file_path3.158",39,1,5.1,436,7685012,2013,"ER-",3.64,"30_84","DCIS"
"file_path3.159",39,2,2.7,233,7685012,2013,"Borderline/Unk",0.12,"30_84","DCIS"
"file_path3.160",39,3,0,0,7685012,2013,"Not available",NA,"30_84","DCIS"
"file_path3.161",40,0,37.7,3186,7779161,2014,"ER+",17.14,"30_84","DCIS"
"file_path3.162",40,1,5,426,7779161,2014,"ER-",3.57,"30_84","DCIS"
"file_path3.163",40,2,2.1,183,7779161,2014,"Borderline/Unk",0.09,"30_84","DCIS"
"file_path3.164",40,3,0,0,7779161,2014,"Not available",NA,"30_84","DCIS"
"file_path3.165",41,0,35.9,3094,7880031,2015,"ER+",16.32,"30_84","DCIS"
"file_path3.166",41,1,4.9,434,7880031,2015,"ER-",3.5,"30_84","DCIS"
"file_path3.167",41,2,2.1,183,7880031,2015,"Borderline/Unk",0.09,"30_84","DCIS"
"file_path3.168",41,3,0,0,7880031,2015,"Not available",NA,"30_84","DCIS"
"file_path3.169",42,0,34.9,3042,7979883,2016,"ER+",15.86,"30_84","DCIS"
"file_path3.170",42,1,4.2,388,7979883,2016,"ER-",3,"30_84","DCIS"
"file_path3.171",42,2,2.4,208,7979883,2016,"Borderline/Unk",0.11,"30_84","DCIS"
"file_path3.172",42,3,0,0,7979883,2016,"Not available",NA,"30_84","DCIS"
"file_path3.173",43,0,35.4,3115,8069186,2017,"ER+",16.09,"30_84","DCIS"
"file_path3.174",43,1,4.7,434,8069186,2017,"ER-",3.36,"30_84","DCIS"
"file_path3.175",43,2,1.7,150,8069186,2017,"Borderline/Unk",0.08,"30_84","DCIS"
"file_path3.176",43,3,0,0,8069186,2017,"Not available",NA,"30_84","DCIS"
"file_path3.177",44,0,37.3,3338,8154085,2018,"ER+",16.95,"30_84","DCIS"
"file_path3.178",44,1,5.1,483,8154085,2018,"ER-",3.64,"30_84","DCIS"
"file_path3.179",44,2,1.7,148,8154085,2018,"Borderline/Unk",0.08,"30_84","DCIS"
"file_path3.180",44,3,0,0,8154085,2018,"Not available",NA,"30_84","DCIS"
"file_path3.181",45,0,39.8,3616,8234114,2019,"ER+",18.09,"30_84","DCIS"
"file_path3.182",45,1,5.4,510,8234114,2019,"ER-",3.86,"30_84","DCIS"
"file_path3.183",45,2,1.6,151,8234114,2019,"Borderline/Unk",0.07,"30_84","DCIS"
"file_path3.184",45,3,0,0,8234114,2019,"Not available",NA,"30_84","DCIS"
"file_path3.185",46,0,34.5,3163,8310270,2020,"ER+",15.68,"30_84","DCIS"
"file_path3.186",46,1,5.2,492,8310270,2020,"ER-",3.71,"30_84","DCIS"
"file_path3.187",46,2,1.7,154,8310270,2020,"Borderline/Unk",0.08,"30_84","DCIS"
"file_path3.188",46,3,0,0,8310270,2020,"Not available",NA,"30_84","DCIS"
"file_path1.189",0,0,43.2,59542,144215683,1974,"ER+",1.1,"30_49","IDC"
"file_path1.210",0,1,15.8,21948,144215683,1974,"ER-",0.76,"30_49","IDC"
"file_path1.310",0,2,4.1,5703,144215683,1974,"Borderline/Unk",0.23,"30_49","IDC"
"file_path1.410",0,3,15.6,21617,144215683,1974,"Not available",Inf,"30_49","IDC"
"file_path1.510",1,0,0,0,1924560,1975,"ER+",0,"30_49","IDC"
"file_path1.610",1,1,0,0,1924560,1975,"ER-",0,"30_49","IDC"
"file_path1.710",1,2,0,0,1924560,1975,"Borderline/Unk",0,"30_49","IDC"
"file_path1.810",1,3,59.3,1083,1924560,1975,"Not available",Inf,"30_49","IDC"
"file_path1.910",2,0,0,0,1948795,1976,"ER+",0,"30_49","IDC"
"file_path1.1010",2,1,0,0,1948795,1976,"ER-",0,"30_49","IDC"
"file_path1.1110",2,2,0,0,1948795,1976,"Borderline/Unk",0,"30_49","IDC"
"file_path1.1210",2,3,59,1082,1948795,1976,"Not available",Inf,"30_49","IDC"
"file_path1.1310",3,0,0,0,2017094,1977,"ER+",0,"30_49","IDC"
"file_path1.1410",3,1,0,0,2017094,1977,"ER-",0,"30_49","IDC"
"file_path1.1510",3,2,0,0,2017094,1977,"Borderline/Unk",0,"30_49","IDC"
"file_path1.1610",3,3,59.2,1095,2017094,1977,"Not available",Inf,"30_49","IDC"
"file_path1.1710",4,0,0,0,2075335,1978,"ER+",0,"30_49","IDC"
"file_path1.1810",4,1,0,0,2075335,1978,"ER-",0,"30_49","IDC"
"file_path1.191",4,2,0,0,2075335,1978,"Borderline/Unk",0,"30_49","IDC"
"file_path1.201",4,3,61.2,1140,2075335,1978,"Not available",Inf,"30_49","IDC"
"file_path1.211",5,0,0,0,2138546,1979,"ER+",0,"30_49","IDC"
"file_path1.221",5,1,0,0,2138546,1979,"ER-",0,"30_49","IDC"
"file_path1.231",5,2,0,0,2138546,1979,"Borderline/Unk",0,"30_49","IDC"
"file_path1.241",5,3,59,1126,2138546,1979,"Not available",Inf,"30_49","IDC"
"file_path1.251",6,0,0,0,2202939,1980,"ER+",0,"30_49","IDC"
"file_path1.261",6,1,0,0,2202939,1980,"ER-",0,"30_49","IDC"
"file_path1.271",6,2,0,0,2202939,1980,"Borderline/Unk",0,"30_49","IDC"
"file_path1.281",6,3,61,1180,2202939,1980,"Not available",Inf,"30_49","IDC"
"file_path1.291",7,0,0,0,2272323,1981,"ER+",0,"30_49","IDC"
"file_path1.301",7,1,0,0,2272323,1981,"ER-",0,"30_49","IDC"
"file_path1.311",7,2,0,0,2272323,1981,"Borderline/Unk",0,"30_49","IDC"
"file_path1.321",7,3,60.5,1200,2272323,1981,"Not available",Inf,"30_49","IDC"
"file_path1.331",8,0,0,0,2342607,1982,"ER+",0,"30_49","IDC"
"file_path1.341",8,1,0,0,2342607,1982,"ER-",0,"30_49","IDC"
"file_path1.351",8,2,0,0,2342607,1982,"Borderline/Unk",0,"30_49","IDC"
"file_path1.361",8,3,64.7,1328,2342607,1982,"Not available",Inf,"30_49","IDC"
"file_path1.371",9,0,0,0,2423569,1983,"ER+",0,"30_49","IDC"
"file_path1.381",9,1,0,0,2423569,1983,"ER-",0,"30_49","IDC"
"file_path1.391",9,2,0,0,2423569,1983,"Borderline/Unk",0,"30_49","IDC"
"file_path1.401",9,3,66.6,1404,2423569,1983,"Not available",Inf,"30_49","IDC"
"file_path1.411",10,0,0,0,2511219,1984,"ER+",0,"30_49","IDC"
"file_path1.421",10,1,0,0,2511219,1984,"ER-",0,"30_49","IDC"
"file_path1.431",10,2,0,0,2511219,1984,"Borderline/Unk",0,"30_49","IDC"
"file_path1.441",10,3,72.7,1588,2511219,1984,"Not available",Inf,"30_49","IDC"
"file_path1.451",11,0,0,0,2598605,1985,"ER+",0,"30_49","IDC"
"file_path1.461",11,1,0,0,2598605,1985,"ER-",0,"30_49","IDC"
"file_path1.471",11,2,0,0,2598605,1985,"Borderline/Unk",0,"30_49","IDC"
"file_path1.481",11,3,78.1,1758,2598605,1985,"Not available",Inf,"30_49","IDC"
"file_path1.491",12,0,0,0,2689671,1986,"ER+",0,"30_49","IDC"
"file_path1.501",12,1,0,0,2689671,1986,"ER-",0,"30_49","IDC"
"file_path1.511",12,2,0,0,2689671,1986,"Borderline/Unk",0,"30_49","IDC"
"file_path1.521",12,3,75.7,1770,2689671,1986,"Not available",Inf,"30_49","IDC"
"file_path1.531",13,0,0,0,2786452,1987,"ER+",0,"30_49","IDC"
"file_path1.541",13,1,0,0,2786452,1987,"ER-",0,"30_49","IDC"
"file_path1.551",13,2,0,0,2786452,1987,"Borderline/Unk",0,"30_49","IDC"
"file_path1.561",13,3,80.1,1942,2786452,1987,"Not available",Inf,"30_49","IDC"
"file_path1.571",14,0,0,0,2880694,1988,"ER+",0,"30_49","IDC"
"file_path1.581",14,1,0,0,2880694,1988,"ER-",0,"30_49","IDC"
"file_path1.591",14,2,0,0,2880694,1988,"Borderline/Unk",0,"30_49","IDC"
"file_path1.601",14,3,77.2,1949,2880694,1988,"Not available",Inf,"30_49","IDC"
"file_path1.611",15,0,0,0,2967619,1989,"ER+",0,"30_49","IDC"
"file_path1.621",15,1,0,0,2967619,1989,"ER-",0,"30_49","IDC"
"file_path1.631",15,2,0,0,2967619,1989,"Borderline/Unk",0,"30_49","IDC"
"file_path1.641",15,3,75.4,1972,2967619,1989,"Not available",Inf,"30_49","IDC"
"file_path1.651",16,0,39.2,1063,3054075,1990,"ER+",1,"30_49","IDC"
"file_path1.661",16,1,20.9,583,3054075,1990,"ER-",1,"30_49","IDC"
"file_path1.671",16,2,18,490,3054075,1990,"Borderline/Unk",1,"30_49","IDC"
"file_path1.681",16,3,0,0,3054075,1990,"Not available",NA,"30_49","IDC"
"file_path1.691",17,0,41.7,1170,3150627,1991,"ER+",1.06,"30_49","IDC"
"file_path1.701",17,1,22.5,647,3150627,1991,"ER-",1.08,"30_49","IDC"
"file_path1.711",17,2,14.8,422,3150627,1991,"Borderline/Unk",0.82,"30_49","IDC"
"file_path1.721",17,3,0,0,3150627,1991,"Not available",NA,"30_49","IDC"
"file_path1.731",18,0,39,1147,3245461,1992,"ER+",0.99,"30_49","IDC"
"file_path1.741",18,1,21.8,651,3245461,1992,"ER-",1.04,"30_49","IDC"
"file_path1.751",18,2,11.7,346,3245461,1992,"Borderline/Unk",0.65,"30_49","IDC"
"file_path1.761",18,3,0,0,3245461,1992,"Not available",NA,"30_49","IDC"
"file_path1.771",19,0,39,1177,3315804,1993,"ER+",0.99,"30_49","IDC"
"file_path1.781",19,1,22.3,691,3315804,1993,"ER-",1.07,"30_49","IDC"
"file_path1.791",19,2,12,364,3315804,1993,"Borderline/Unk",0.67,"30_49","IDC"
"file_path1.801",19,3,0,0,3315804,1993,"Not available",NA,"30_49","IDC"
"file_path1.811",20,0,41.2,1284,3385764,1994,"ER+",1.05,"30_49","IDC"
"file_path1.821",20,1,22.6,720,3385764,1994,"ER-",1.08,"30_49","IDC"
"file_path1.831",20,2,9.6,302,3385764,1994,"Borderline/Unk",0.53,"30_49","IDC"
"file_path1.841",20,3,0,0,3385764,1994,"Not available",NA,"30_49","IDC"
"file_path1.851",21,0,40.1,1291,3447135,1995,"ER+",1.02,"30_49","IDC"
"file_path1.861",21,1,23.2,761,3447135,1995,"ER-",1.11,"30_49","IDC"
"file_path1.871",21,2,10.5,336,3447135,1995,"Borderline/Unk",0.58,"30_49","IDC"
"file_path1.881",21,3,0,0,3447135,1995,"Not available",NA,"30_49","IDC"
"file_path1.891",22,0,42.7,1432,3504257,1996,"ER+",1.09,"30_49","IDC"
"file_path1.901",22,1,22.8,771,3504257,1996,"ER-",1.09,"30_49","IDC"
"file_path1.911",22,2,11.8,398,3504257,1996,"Borderline/Unk",0.66,"30_49","IDC"
"file_path1.921",22,3,0,0,3504257,1996,"Not available",NA,"30_49","IDC"
"file_path1.931",23,0,44.4,1503,3521129,1997,"ER+",1.13,"30_49","IDC"
"file_path1.941",23,1,22,753,3521129,1997,"ER-",1.05,"30_49","IDC"
"file_path1.951",23,2,11.3,386,3521129,1997,"Borderline/Unk",0.63,"30_49","IDC"
"file_path1.961",23,3,0,0,3521129,1997,"Not available",NA,"30_49","IDC"
"file_path1.971",24,0,48.3,1660,3540832,1998,"ER+",1.23,"30_49","IDC"
"file_path1.981",24,1,23.3,807,3540832,1998,"ER-",1.11,"30_49","IDC"
"file_path1.991",24,2,8.8,304,3540832,1998,"Borderline/Unk",0.49,"30_49","IDC"
"file_path1.1001",24,3,0,0,3540832,1998,"Not available",NA,"30_49","IDC"
"file_path1.1011",25,0,46.4,1623,3550552,1999,"ER+",1.18,"30_49","IDC"
"file_path1.1021",25,1,22.4,785,3550552,1999,"ER-",1.07,"30_49","IDC"
"file_path1.1031",25,2,9.1,318,3550552,1999,"Borderline/Unk",0.51,"30_49","IDC"
"file_path1.1041",25,3,0,0,3550552,1999,"Not available",NA,"30_49","IDC"
"file_path1.1051",26,0,49,1735,3566625,2000,"ER+",1.25,"30_49","IDC"
"file_path1.1061",26,1,21.1,750,3566625,2000,"ER-",1.01,"30_49","IDC"
"file_path1.1071",26,2,7.3,260,3566625,2000,"Borderline/Unk",0.41,"30_49","IDC"
"file_path1.1081",26,3,0,0,3566625,2000,"Not available",NA,"30_49","IDC"
"file_path1.1091",27,0,48,1717,3582238,2001,"ER+",1.22,"30_49","IDC"
"file_path1.1101",27,1,22.6,808,3582238,2001,"ER-",1.08,"30_49","IDC"
"file_path1.1111",27,2,7.8,280,3582238,2001,"Borderline/Unk",0.43,"30_49","IDC"
"file_path1.1121",27,3,0,0,3582238,2001,"Not available",NA,"30_49","IDC"
"file_path1.1131",28,0,47,1694,3576144,2002,"ER+",1.2,"30_49","IDC"
"file_path1.1141",28,1,22.2,795,3576144,2002,"ER-",1.06,"30_49","IDC"
"file_path1.1151",28,2,7.5,269,3576144,2002,"Borderline/Unk",0.42,"30_49","IDC"
"file_path1.1161",28,3,0,0,3576144,2002,"Not available",NA,"30_49","IDC"
"file_path1.1171",29,0,48,1732,3556487,2003,"ER+",1.22,"30_49","IDC"
"file_path1.1181",29,1,20.7,740,3556487,2003,"ER-",0.99,"30_49","IDC"
"file_path1.1191",29,2,6,217,3556487,2003,"Borderline/Unk",0.33,"30_49","IDC"
"file_path1.1201",29,3,0,0,3556487,2003,"Not available",NA,"30_49","IDC"
"file_path1.1211",30,0,51.9,1878,3535158,2004,"ER+",1.32,"30_49","IDC"
"file_path1.1221",30,1,24,859,3535158,2004,"ER-",1.15,"30_49","IDC"
"file_path1.1231",30,2,4,146,3535158,2004,"Borderline/Unk",0.22,"30_49","IDC"
"file_path1.1241",30,3,0,0,3535158,2004,"Not available",NA,"30_49","IDC"
"file_path1.1251",31,0,53.5,1942,3521698,2005,"ER+",1.36,"30_49","IDC"
"file_path1.1261",31,1,22,786,3521698,2005,"ER-",1.05,"30_49","IDC"
"file_path1.1271",31,2,3.7,132,3521698,2005,"Borderline/Unk",0.21,"30_49","IDC"
"file_path1.1281",31,3,0,0,3521698,2005,"Not available",NA,"30_49","IDC"
"file_path1.1291",32,0,55.7,2019,3516223,2006,"ER+",1.42,"30_49","IDC"
"file_path1.1301",32,1,21.6,768,3516223,2006,"ER-",1.03,"30_49","IDC"
"file_path1.1311",32,2,2.9,104,3516223,2006,"Borderline/Unk",0.16,"30_49","IDC"
"file_path1.1321",32,3,0,0,3516223,2006,"Not available",NA,"30_49","IDC"
"file_path1.1331",33,0,60.8,2206,3509706,2007,"ER+",1.55,"30_49","IDC"
"file_path1.1341",33,1,20.7,743,3509706,2007,"ER-",0.99,"30_49","IDC"
"file_path1.1351",33,2,2.6,95,3509706,2007,"Borderline/Unk",0.14,"30_49","IDC"
"file_path1.1361",33,3,0,0,3509706,2007,"Not available",NA,"30_49","IDC"
"file_path1.1371",34,0,61.3,2212,3507079,2008,"ER+",1.56,"30_49","IDC"
"file_path1.1381",34,1,21.8,772,3507079,2008,"ER-",1.04,"30_49","IDC"
"file_path1.1391",34,2,1.8,64,3507079,2008,"Borderline/Unk",0.1,"30_49","IDC"
"file_path1.1401",34,3,0,0,3507079,2008,"Not available",NA,"30_49","IDC"
"file_path1.1411",35,0,62.9,2272,3509252,2009,"ER+",1.6,"30_49","IDC"
"file_path1.1421",35,1,20,707,3509252,2009,"ER-",0.96,"30_49","IDC"
"file_path1.1431",35,2,1.9,69,3509252,2009,"Borderline/Unk",0.11,"30_49","IDC"
"file_path1.1441",35,3,0,0,3509252,2009,"Not available",NA,"30_49","IDC"
"file_path1.1451",36,0,63.5,2277,3509793,2010,"ER+",1.62,"30_49","IDC"
"file_path1.1461",36,1,17.7,629,3509793,2010,"ER-",0.85,"30_49","IDC"
"file_path1.1471",36,2,1.5,55,3509793,2010,"Borderline/Unk",0.08,"30_49","IDC"
"file_path1.1481",36,3,0,0,3509793,2010,"Not available",NA,"30_49","IDC"
"file_path1.1491",37,0,64.9,2298,3512742,2011,"ER+",1.66,"30_49","IDC"
"file_path1.1501",37,1,19.3,681,3512742,2011,"ER-",0.92,"30_49","IDC"
"file_path1.1511",37,2,1.4,48,3512742,2011,"Borderline/Unk",0.08,"30_49","IDC"
"file_path1.1521",37,3,0,0,3512742,2011,"Not available",NA,"30_49","IDC"
"file_path1.1531",38,0,64.7,2286,3522648,2012,"ER+",1.65,"30_49","IDC"
"file_path1.1541",38,1,18,630,3522648,2012,"ER-",0.86,"30_49","IDC"
"file_path1.1551",38,2,0.9,32,3522648,2012,"Borderline/Unk",0.05,"30_49","IDC"
"file_path1.1561",38,3,0,0,3522648,2012,"Not available",NA,"30_49","IDC"
"file_path1.1571",39,0,65.6,2308,3527892,2013,"ER+",1.67,"30_49","IDC"
"file_path1.1581",39,1,17.3,605,3527892,2013,"ER-",0.83,"30_49","IDC"
"file_path1.1591",39,2,1.2,43,3527892,2013,"Borderline/Unk",0.07,"30_49","IDC"
"file_path1.1601",39,3,0,0,3527892,2013,"Not available",NA,"30_49","IDC"
"file_path1.1611",40,0,67.3,2355,3534631,2014,"ER+",1.72,"30_49","IDC"
"file_path1.1621",40,1,18.5,643,3534631,2014,"ER-",0.89,"30_49","IDC"
"file_path1.1631",40,2,0.8,29,3534631,2014,"Borderline/Unk",0.04,"30_49","IDC"
"file_path1.1641",40,3,0,0,3534631,2014,"Not available",NA,"30_49","IDC"
"file_path1.1651",41,0,68.4,2385,3555765,2015,"ER+",1.74,"30_49","IDC"
"file_path1.1661",41,1,18.4,642,3555765,2015,"ER-",0.88,"30_49","IDC"
"file_path1.1671",41,2,0.9,32,3555765,2015,"Borderline/Unk",0.05,"30_49","IDC"
"file_path1.1681",41,3,0,0,3555765,2015,"Not available",NA,"30_49","IDC"
"file_path1.1691",42,0,68.5,2403,3586143,2016,"ER+",1.75,"30_49","IDC"
"file_path1.1701",42,1,17.3,611,3586143,2016,"ER-",0.83,"30_49","IDC"
"file_path1.1711",42,2,0.7,25,3586143,2016,"Borderline/Unk",0.04,"30_49","IDC"
"file_path1.1721",42,3,0,0,3586143,2016,"Not available",NA,"30_49","IDC"
"file_path1.1731",43,0,70.9,2495,3614042,2017,"ER+",1.81,"30_49","IDC"
"file_path1.1741",43,1,18.1,639,3614042,2017,"ER-",0.87,"30_49","IDC"
"file_path1.1751",43,2,0.6,20,3614042,2017,"Borderline/Unk",0.03,"30_49","IDC"
"file_path1.1761",43,3,0,0,3614042,2017,"Not available",NA,"30_49","IDC"
"file_path1.1771",44,0,75.9,2682,3639121,2018,"ER+",1.94,"30_49","IDC"
"file_path1.1781",44,1,18.7,662,3639121,2018,"ER-",0.89,"30_49","IDC"
"file_path1.1791",44,2,0.8,28,3639121,2018,"Borderline/Unk",0.04,"30_49","IDC"
"file_path1.1801",44,3,0,0,3639121,2018,"Not available",NA,"30_49","IDC"
"file_path1.1811",45,0,76.9,2727,3659631,2019,"ER+",1.96,"30_49","IDC"
"file_path1.1821",45,1,18.2,652,3659631,2019,"ER-",0.87,"30_49","IDC"
"file_path1.1831",45,2,1.4,50,3659631,2019,"Borderline/Unk",0.08,"30_49","IDC"
"file_path1.1841",45,3,0,0,3659631,2019,"Not available",NA,"30_49","IDC"
"file_path1.1851",46,0,72.6,2569,3677001,2020,"ER+",1.85,"30_49","IDC"
"file_path1.1861",46,1,18.4,657,3677001,2020,"ER-",0.88,"30_49","IDC"
"file_path1.1871",46,2,1.1,39,3677001,2020,"Borderline/Unk",0.06,"30_49","IDC"
"file_path1.1881",46,3,0,0,3677001,2020,"Not available",NA,"30_49","IDC"
"file_path2.189",0,0,150.2,214109,141845089,1974,"ER+",1.01,"50_84","IDC"
"file_path2.210",0,1,34.5,49119,141845089,1974,"ER-",0.94,"50_84","IDC"
"file_path2.310",0,2,13.5,19048,141845089,1974,"Borderline/Unk",0.2,"50_84","IDC"
"file_path2.410",0,3,50.9,72804,141845089,1974,"Not available",Inf,"50_84","IDC"
"file_path2.510",1,0,0,0,2091394,1975,"ER+",0,"50_84","IDC"
"file_path2.610",1,1,0,0,2091394,1975,"ER-",0,"50_84","IDC"
"file_path2.710",1,2,0,0,2091394,1975,"Borderline/Unk",0,"50_84","IDC"
"file_path2.810",1,3,172.2,3600,2091394,1975,"Not available",Inf,"50_84","IDC"
"file_path2.910",2,0,0,0,2125985,1976,"ER+",0,"50_84","IDC"
"file_path2.1010",2,1,0,0,2125985,1976,"ER-",0,"50_84","IDC"
"file_path2.1110",2,2,0,0,2125985,1976,"Borderline/Unk",0,"50_84","IDC"
"file_path2.1210",2,3,165.9,3525,2125985,1976,"Not available",Inf,"50_84","IDC"
"file_path2.1310",3,0,0,0,2158440,1977,"ER+",0,"50_84","IDC"
"file_path2.1410",3,1,0,0,2158440,1977,"ER-",0,"50_84","IDC"
"file_path2.1510",3,2,0,0,2158440,1977,"Borderline/Unk",0,"50_84","IDC"
"file_path2.1610",3,3,171.1,3692,2158440,1977,"Not available",Inf,"50_84","IDC"
"file_path2.1710",4,0,0,0,2193552,1978,"ER+",0,"50_84","IDC"
"file_path2.1810",4,1,0,0,2193552,1978,"ER-",0,"50_84","IDC"
"file_path2.191",4,2,0,0,2193552,1978,"Borderline/Unk",0,"50_84","IDC"
"file_path2.201",4,3,169.6,3738,2193552,1978,"Not available",Inf,"50_84","IDC"
"file_path2.211",5,0,0,0,2229491,1979,"ER+",0,"50_84","IDC"
"file_path2.221",5,1,0,0,2229491,1979,"ER-",0,"50_84","IDC"
"file_path2.231",5,2,0,0,2229491,1979,"Borderline/Unk",0,"50_84","IDC"
"file_path2.241",5,3,181.8,4084,2229491,1979,"Not available",Inf,"50_84","IDC"
"file_path2.251",6,0,0,0,2267619,1980,"ER+",0,"50_84","IDC"
"file_path2.261",6,1,0,0,2267619,1980,"ER-",0,"50_84","IDC"
"file_path2.271",6,2,0,0,2267619,1980,"Borderline/Unk",0,"50_84","IDC"
"file_path2.281",6,3,183.1,4200,2267619,1980,"Not available",Inf,"50_84","IDC"
"file_path2.291",7,0,0,0,2293525,1981,"ER+",0,"50_84","IDC"
"file_path2.301",7,1,0,0,2293525,1981,"ER-",0,"50_84","IDC"
"file_path2.311",7,2,0,0,2293525,1981,"Borderline/Unk",0,"50_84","IDC"
"file_path2.321",7,3,187.5,4362,2293525,1981,"Not available",Inf,"50_84","IDC"
"file_path2.331",8,0,0,0,2311036,1982,"ER+",0,"50_84","IDC"
"file_path2.341",8,1,0,0,2311036,1982,"ER-",0,"50_84","IDC"
"file_path2.351",8,2,0,0,2311036,1982,"Borderline/Unk",0,"50_84","IDC"
"file_path2.361",8,3,187.1,4403,2311036,1982,"Not available",Inf,"50_84","IDC"
"file_path2.371",9,0,0,0,2327466,1983,"ER+",0,"50_84","IDC"
"file_path2.381",9,1,0,0,2327466,1983,"ER-",0,"50_84","IDC"
"file_path2.391",9,2,0,0,2327466,1983,"Borderline/Unk",0,"50_84","IDC"
"file_path2.401",9,3,202.5,4815,2327466,1983,"Not available",Inf,"50_84","IDC"
"file_path2.411",10,0,0,0,2342960,1984,"ER+",0,"50_84","IDC"
"file_path2.421",10,1,0,0,2342960,1984,"ER-",0,"50_84","IDC"
"file_path2.431",10,2,0,0,2342960,1984,"Borderline/Unk",0,"50_84","IDC"
"file_path2.441",10,3,215.9,5167,2342960,1984,"Not available",Inf,"50_84","IDC"
"file_path2.451",11,0,0,0,2361316,1985,"ER+",0,"50_84","IDC"
"file_path2.461",11,1,0,0,2361316,1985,"ER-",0,"50_84","IDC"
"file_path2.471",11,2,0,0,2361316,1985,"Borderline/Unk",0,"50_84","IDC"
"file_path2.481",11,3,232.8,5641,2361316,1985,"Not available",Inf,"50_84","IDC"
"file_path2.491",12,0,0,0,2375929,1986,"ER+",0,"50_84","IDC"
"file_path2.501",12,1,0,0,2375929,1986,"ER-",0,"50_84","IDC"
"file_path2.511",12,2,0,0,2375929,1986,"Borderline/Unk",0,"50_84","IDC"
"file_path2.521",12,3,248.3,6100,2375929,1986,"Not available",Inf,"50_84","IDC"
"file_path2.531",13,0,0,0,2392155,1987,"ER+",0,"50_84","IDC"
"file_path2.541",13,1,0,0,2392155,1987,"ER-",0,"50_84","IDC"
"file_path2.551",13,2,0,0,2392155,1987,"Borderline/Unk",0,"50_84","IDC"
"file_path2.561",13,3,265.1,6580,2392155,1987,"Not available",Inf,"50_84","IDC"
"file_path2.571",14,0,0,0,2414434,1988,"ER+",0,"50_84","IDC"
"file_path2.581",14,1,0,0,2414434,1988,"ER-",0,"50_84","IDC"
"file_path2.591",14,2,0,0,2414434,1988,"Borderline/Unk",0,"50_84","IDC"
"file_path2.601",14,3,261.8,6565,2414434,1988,"Not available",Inf,"50_84","IDC"
"file_path2.611",15,0,0,0,2435341,1989,"ER+",0,"50_84","IDC"
"file_path2.621",15,1,0,0,2435341,1989,"ER-",0,"50_84","IDC"
"file_path2.631",15,2,0,0,2435341,1989,"Borderline/Unk",0,"50_84","IDC"
"file_path2.641",15,3,251.3,6332,2435341,1989,"Not available",Inf,"50_84","IDC"
"file_path2.651",16,0,149.4,3812,2459037,1990,"ER+",1,"50_84","IDC"
"file_path2.661",16,1,36.7,903,2459037,1990,"ER-",1,"50_84","IDC"
"file_path2.671",16,2,67,1718,2459037,1990,"Borderline/Unk",1,"50_84","IDC"
"file_path2.681",16,3,0,0,2459037,1990,"Not available",NA,"50_84","IDC"
"file_path2.691",17,0,158.3,4130,2490815,1991,"ER+",1.06,"50_84","IDC"
"file_path2.701",17,1,39.1,976,2490815,1991,"ER-",1.07,"50_84","IDC"
"file_path2.711",17,2,49.6,1290,2490815,1991,"Borderline/Unk",0.74,"50_84","IDC"
"file_path2.721",17,3,0,0,2490815,1991,"Not available",NA,"50_84","IDC"
"file_path2.731",18,0,160.5,4228,2531320,1992,"ER+",1.07,"50_84","IDC"
"file_path2.741",18,1,42.7,1086,2531320,1992,"ER-",1.16,"50_84","IDC"
"file_path2.751",18,2,45.8,1199,2531320,1992,"Borderline/Unk",0.68,"50_84","IDC"
"file_path2.761",18,3,0,0,2531320,1992,"Not available",NA,"50_84","IDC"
"file_path2.771",19,0,158.3,4236,2582960,1993,"ER+",1.06,"50_84","IDC"
"file_path2.781",19,1,45.3,1175,2582960,1993,"ER-",1.23,"50_84","IDC"
"file_path2.791",19,2,44.3,1182,2582960,1993,"Borderline/Unk",0.66,"50_84","IDC"
"file_path2.801",19,3,0,0,2582960,1993,"Not available",NA,"50_84","IDC"
"file_path2.811",20,0,166.6,4499,2627699,1994,"ER+",1.12,"50_84","IDC"
"file_path2.821",20,1,46.4,1224,2627699,1994,"ER-",1.26,"50_84","IDC"
"file_path2.831",20,2,41.4,1118,2627699,1994,"Borderline/Unk",0.62,"50_84","IDC"
"file_path2.841",20,3,0,0,2627699,1994,"Not available",NA,"50_84","IDC"
"file_path2.851",21,0,166.3,4568,2671948,1995,"ER+",1.11,"50_84","IDC"
"file_path2.861",21,1,47.7,1264,2671948,1995,"ER-",1.3,"50_84","IDC"
"file_path2.871",21,2,41.7,1153,2671948,1995,"Borderline/Unk",0.62,"50_84","IDC"
"file_path2.881",21,3,0,0,2671948,1995,"Not available",NA,"50_84","IDC"
"file_path2.891",22,0,176.6,4886,2711198,1996,"ER+",1.18,"50_84","IDC"
"file_path2.901",22,1,52,1402,2711198,1996,"ER-",1.42,"50_84","IDC"
"file_path2.911",22,2,38.2,1061,2711198,1996,"Borderline/Unk",0.57,"50_84","IDC"
"file_path2.921",22,3,0,0,2711198,1996,"Not available",NA,"50_84","IDC"
"file_path2.931",23,0,184.2,5219,2795024,1997,"ER+",1.23,"50_84","IDC"
"file_path2.941",23,1,51.2,1423,2795024,1997,"ER-",1.4,"50_84","IDC"
"file_path2.951",23,2,38.9,1108,2795024,1997,"Borderline/Unk",0.58,"50_84","IDC"
"file_path2.961",23,3,0,0,2795024,1997,"Not available",NA,"50_84","IDC"
"file_path2.971",24,0,192.2,5557,2864636,1998,"ER+",1.29,"50_84","IDC"
"file_path2.981",24,1,49.9,1432,2864636,1998,"ER-",1.36,"50_84","IDC"
"file_path2.991",24,2,35.4,1027,2864636,1998,"Borderline/Unk",0.53,"50_84","IDC"
"file_path2.1001",24,3,0,0,2864636,1998,"Not available",NA,"50_84","IDC"
"file_path2.1011",25,0,199.8,5861,2931582,1999,"ER+",1.34,"50_84","IDC"
"file_path2.1021",25,1,49.4,1447,2931582,1999,"ER-",1.35,"50_84","IDC"
"file_path2.1031",25,2,31.9,939,2931582,1999,"Borderline/Unk",0.48,"50_84","IDC"
"file_path2.1041",25,3,0,0,2931582,1999,"Not available",NA,"50_84","IDC"
"file_path2.1051",26,0,187.9,5634,3000785,2000,"ER+",1.26,"50_84","IDC"
"file_path2.1061",26,1,48.3,1444,3000785,2000,"ER-",1.32,"50_84","IDC"
"file_path2.1071",26,2,31.6,952,3000785,2000,"Borderline/Unk",0.47,"50_84","IDC"
"file_path2.1081",26,3,0,0,3000785,2000,"Not available",NA,"50_84","IDC"
"file_path2.1091",27,0,188,5740,3072254,2001,"ER+",1.26,"50_84","IDC"
"file_path2.1101",27,1,47.2,1441,3072254,2001,"ER-",1.29,"50_84","IDC"
"file_path2.1111",27,2,32.5,991,3072254,2001,"Borderline/Unk",0.49,"50_84","IDC"
"file_path2.1121",27,3,0,0,3072254,2001,"Not available",NA,"50_84","IDC"
"file_path2.1131",28,0,189.9,5919,3145439,2002,"ER+",1.27,"50_84","IDC"
"file_path2.1141",28,1,48.1,1513,3145439,2002,"ER-",1.31,"50_84","IDC"
"file_path2.1151",28,2,25.8,807,3145439,2002,"Borderline/Unk",0.39,"50_84","IDC"
"file_path2.1161",28,3,0,0,3145439,2002,"Not available",NA,"50_84","IDC"
"file_path2.1171",29,0,167.4,5345,3222798,2003,"ER+",1.12,"50_84","IDC"
"file_path2.1181",29,1,46.1,1489,3222798,2003,"ER-",1.26,"50_84","IDC"
"file_path2.1191",29,2,23.3,747,3222798,2003,"Borderline/Unk",0.35,"50_84","IDC"
"file_path2.1201",29,3,0,0,3222798,2003,"Not available",NA,"50_84","IDC"
"file_path2.1211",30,0,178.3,5818,3303960,2004,"ER+",1.19,"50_84","IDC"
"file_path2.1221",30,1,52.5,1722,3303960,2004,"ER-",1.43,"50_84","IDC"
"file_path2.1231",30,2,13.7,451,3303960,2004,"Borderline/Unk",0.2,"50_84","IDC"
"file_path2.1241",30,3,0,0,3303960,2004,"Not available",NA,"50_84","IDC"
"file_path2.1251",31,0,182.5,6094,3391336,2005,"ER+",1.22,"50_84","IDC"
"file_path2.1261",31,1,53,1797,3391336,2005,"ER-",1.44,"50_84","IDC"
"file_path2.1271",31,2,11.2,375,3391336,2005,"Borderline/Unk",0.17,"50_84","IDC"
"file_path2.1281",31,3,0,0,3391336,2005,"Not available",NA,"50_84","IDC"
"file_path2.1291",32,0,185.6,6361,3483572,2006,"ER+",1.24,"50_84","IDC"
"file_path2.1301",32,1,48.7,1696,3483572,2006,"ER-",1.33,"50_84","IDC"
"file_path2.1311",32,2,10.1,345,3483572,2006,"Borderline/Unk",0.15,"50_84","IDC"
"file_path2.1321",32,3,0,0,3483572,2006,"Not available",NA,"50_84","IDC"
"file_path2.1331",33,0,196.3,6875,3578140,2007,"ER+",1.31,"50_84","IDC"
"file_path2.1341",33,1,51.4,1830,3578140,2007,"ER-",1.4,"50_84","IDC"
"file_path2.1351",33,2,10.1,354,3578140,2007,"Borderline/Unk",0.15,"50_84","IDC"
"file_path2.1361",33,3,0,0,3578140,2007,"Not available",NA,"50_84","IDC"
"file_path2.1371",34,0,203,7294,3673321,2008,"ER+",1.36,"50_84","IDC"
"file_path2.1381",34,1,51.3,1875,3673321,2008,"ER-",1.4,"50_84","IDC"
"file_path2.1391",34,2,6.5,232,3673321,2008,"Borderline/Unk",0.1,"50_84","IDC"
"file_path2.1401",34,3,0,0,3673321,2008,"Not available",NA,"50_84","IDC"
"file_path2.1411",35,0,210.7,7787,3772999,2009,"ER+",1.41,"50_84","IDC"
"file_path2.1421",35,1,47.2,1773,3772999,2009,"ER-",1.29,"50_84","IDC"
"file_path2.1431",35,2,6,216,3772999,2009,"Borderline/Unk",0.09,"50_84","IDC"
"file_path2.1441",35,3,0,0,3772999,2009,"Not available",NA,"50_84","IDC"
"file_path2.1451",36,0,208.1,7906,3875139,2010,"ER+",1.39,"50_84","IDC"
"file_path2.1461",36,1,43.6,1681,3875139,2010,"ER-",1.19,"50_84","IDC"
"file_path2.1471",36,2,5.7,217,3875139,2010,"Borderline/Unk",0.09,"50_84","IDC"
"file_path2.1481",36,3,0,0,3875139,2010,"Not available",NA,"50_84","IDC"
"file_path2.1491",37,0,218.9,8532,3973126,2011,"ER+",1.47,"50_84","IDC"
"file_path2.1501",37,1,44.8,1776,3973126,2011,"ER-",1.22,"50_84","IDC"
"file_path2.1511",37,2,4.7,187,3973126,2011,"Borderline/Unk",0.07,"50_84","IDC"
"file_path2.1521",37,3,0,0,3973126,2011,"Not available",NA,"50_84","IDC"
"file_path2.1531",38,0,217.9,8707,4067842,2012,"ER+",1.46,"50_84","IDC"
"file_path2.1541",38,1,44.1,1781,4067842,2012,"ER-",1.2,"50_84","IDC"
"file_path2.1551",38,2,4.3,167,4067842,2012,"Borderline/Unk",0.06,"50_84","IDC"
"file_path2.1561",38,3,0,0,4067842,2012,"Not available",NA,"50_84","IDC"
"file_path2.1571",39,0,221.1,9033,4157120,2013,"ER+",1.48,"50_84","IDC"
"file_path2.1581",39,1,42.4,1761,4157120,2013,"ER-",1.16,"50_84","IDC"
"file_path2.1591",39,2,3.6,144,4157120,2013,"Borderline/Unk",0.05,"50_84","IDC"
"file_path2.1601",39,3,0,0,4157120,2013,"Not available",NA,"50_84","IDC"
"file_path2.1611",40,0,222.8,9358,4244530,2014,"ER+",1.49,"50_84","IDC"
"file_path2.1621",40,1,41.8,1776,4244530,2014,"ER-",1.14,"50_84","IDC"
"file_path2.1631",40,2,2.7,114,4244530,2014,"Borderline/Unk",0.04,"50_84","IDC"
"file_path2.1641",40,3,0,0,4244530,2014,"Not available",NA,"50_84","IDC"
"file_path2.1651",41,0,218,9394,4324266,2015,"ER+",1.46,"50_84","IDC"
"file_path2.1661",41,1,42.3,1840,4324266,2015,"ER-",1.15,"50_84","IDC"
"file_path2.1671",41,2,3.5,153,4324266,2015,"Borderline/Unk",0.05,"50_84","IDC"
"file_path2.1681",41,3,0,0,4324266,2015,"Not available",NA,"50_84","IDC"
"file_path2.1691",42,0,224.2,9834,4393740,2016,"ER+",1.5,"50_84","IDC"
"file_path2.1701",42,1,40.8,1794,4393740,2016,"ER-",1.11,"50_84","IDC"
"file_path2.1711",42,2,3,129,4393740,2016,"Borderline/Unk",0.04,"50_84","IDC"
"file_path2.1721",42,3,0,0,4393740,2016,"Not available",NA,"50_84","IDC"
"file_path2.1731",43,0,221,9930,4455144,2017,"ER+",1.48,"50_84","IDC"
"file_path2.1741",43,1,42,1888,4455144,2017,"ER-",1.14,"50_84","IDC"
"file_path2.1751",43,2,2.6,115,4455144,2017,"Borderline/Unk",0.04,"50_84","IDC"
"file_path2.1761",43,3,0,0,4455144,2017,"Not available",NA,"50_84","IDC"
"file_path2.1771",44,0,234.8,10736,4514964,2018,"ER+",1.57,"50_84","IDC"
"file_path2.1781",44,1,43.1,1984,4514964,2018,"ER-",1.17,"50_84","IDC"
"file_path2.1791",44,2,3.5,158,4514964,2018,"Borderline/Unk",0.05,"50_84","IDC"
"file_path2.1801",44,3,0,0,4514964,2018,"Not available",NA,"50_84","IDC"
"file_path2.1811",45,0,236.7,10987,4574483,2019,"ER+",1.58,"50_84","IDC"
"file_path2.1821",45,1,43.8,2027,4574483,2019,"ER-",1.19,"50_84","IDC"
"file_path2.1831",45,2,3.5,169,4574483,2019,"Borderline/Unk",0.05,"50_84","IDC"
"file_path2.1841",45,3,0,0,4574483,2019,"Not available",NA,"50_84","IDC"
"file_path2.1851",46,0,208.3,9829,4633269,2020,"ER+",1.39,"50_84","IDC"
"file_path2.1861",46,1,40.6,1899,4633269,2020,"ER-",1.11,"50_84","IDC"
"file_path2.1871",46,2,4.9,230,4633269,2020,"Borderline/Unk",0.07,"50_84","IDC"
"file_path2.1881",46,3,0,0,4633269,2020,"Not available",NA,"50_84","IDC"
"file_path3.189",0,0,92.5,273651,286060772,1974,"ER+",1.03,"30_84","IDC"
"file_path3.210",0,1,24.4,71067,286060772,1974,"ER-",0.87,"30_84","IDC"
"file_path3.310",0,2,8.4,24751,286060772,1974,"Borderline/Unk",0.21,"30_84","IDC"
"file_path3.410",0,3,31.9,94421,286060772,1974,"Not available",Inf,"30_84","IDC"
"file_path3.510",1,0,0,0,4015954,1975,"ER+",0,"30_84","IDC"
"file_path3.610",1,1,0,0,4015954,1975,"ER-",0,"30_84","IDC"
"file_path3.710",1,2,0,0,4015954,1975,"Borderline/Unk",0,"30_84","IDC"
"file_path3.810",1,3,111.3,4683,4015954,1975,"Not available",Inf,"30_84","IDC"
"file_path3.910",2,0,0,0,4074780,1976,"ER+",0,"30_84","IDC"
"file_path3.1010",2,1,0,0,4074780,1976,"ER-",0,"30_84","IDC"
"file_path3.1110",2,2,0,0,4074780,1976,"Borderline/Unk",0,"30_84","IDC"
"file_path3.1210",2,3,108.2,4607,4074780,1976,"Not available",Inf,"30_84","IDC"
"file_path3.1310",3,0,0,0,4175534,1977,"ER+",0,"30_84","IDC"
"file_path3.1410",3,1,0,0,4175534,1977,"ER-",0,"30_84","IDC"
"file_path3.1510",3,2,0,0,4175534,1977,"Borderline/Unk",0,"30_84","IDC"
"file_path3.1610",3,3,110.7,4787,4175534,1977,"Not available",Inf,"30_84","IDC"
"file_path3.1710",4,0,0,0,4268887,1978,"ER+",0,"30_84","IDC"
"file_path3.1810",4,1,0,0,4268887,1978,"ER-",0,"30_84","IDC"
"file_path3.191",4,2,0,0,4268887,1978,"Borderline/Unk",0,"30_84","IDC"
"file_path3.201",4,3,111.1,4878,4268887,1978,"Not available",Inf,"30_84","IDC"
"file_path3.211",5,0,0,0,4368037,1979,"ER+",0,"30_84","IDC"
"file_path3.221",5,1,0,0,4368037,1979,"ER-",0,"30_84","IDC"
"file_path3.231",5,2,0,0,4368037,1979,"Borderline/Unk",0,"30_84","IDC"
"file_path3.241",5,3,115.5,5210,4368037,1979,"Not available",Inf,"30_84","IDC"
"file_path3.251",6,0,0,0,4470558,1980,"ER+",0,"30_84","IDC"
"file_path3.261",6,1,0,0,4470558,1980,"ER-",0,"30_84","IDC"
"file_path3.271",6,2,0,0,4470558,1980,"Borderline/Unk",0,"30_84","IDC"
"file_path3.281",6,3,117.2,5380,4470558,1980,"Not available",Inf,"30_84","IDC"
"file_path3.291",7,0,0,0,4565848,1981,"ER+",0,"30_84","IDC"
"file_path3.301",7,1,0,0,4565848,1981,"ER-",0,"30_84","IDC"
"file_path3.311",7,2,0,0,4565848,1981,"Borderline/Unk",0,"30_84","IDC"
"file_path3.321",7,3,119,5562,4565848,1981,"Not available",Inf,"30_84","IDC"
"file_path3.331",8,0,0,0,4653643,1982,"ER+",0,"30_84","IDC"
"file_path3.341",8,1,0,0,4653643,1982,"ER-",0,"30_84","IDC"
"file_path3.351",8,2,0,0,4653643,1982,"Borderline/Unk",0,"30_84","IDC"
"file_path3.361",8,3,121.1,5731,4653643,1982,"Not available",Inf,"30_84","IDC"
"file_path3.371",9,0,0,0,4751035,1983,"ER+",0,"30_84","IDC"
"file_path3.381",9,1,0,0,4751035,1983,"ER-",0,"30_84","IDC"
"file_path3.391",9,2,0,0,4751035,1983,"Borderline/Unk",0,"30_84","IDC"
"file_path3.401",9,3,129.2,6219,4751035,1983,"Not available",Inf,"30_84","IDC"
"file_path3.411",10,0,0,0,4854179,1984,"ER+",0,"30_84","IDC"
"file_path3.421",10,1,0,0,4854179,1984,"ER-",0,"30_84","IDC"
"file_path3.431",10,2,0,0,4854179,1984,"Borderline/Unk",0,"30_84","IDC"
"file_path3.441",10,3,138.6,6755,4854179,1984,"Not available",Inf,"30_84","IDC"
"file_path3.451",11,0,0,0,4959921,1985,"ER+",0,"30_84","IDC"
"file_path3.461",11,1,0,0,4959921,1985,"ER-",0,"30_84","IDC"
"file_path3.471",11,2,0,0,4959921,1985,"Borderline/Unk",0,"30_84","IDC"
"file_path3.481",11,3,149.3,7399,4959921,1985,"Not available",Inf,"30_84","IDC"
"file_path3.491",12,0,0,0,5065600,1986,"ER+",0,"30_84","IDC"
"file_path3.501",12,1,0,0,5065600,1986,"ER-",0,"30_84","IDC"
"file_path3.511",12,2,0,0,5065600,1986,"Borderline/Unk",0,"30_84","IDC"
"file_path3.521",12,3,155.2,7870,5065600,1986,"Not available",Inf,"30_84","IDC"
"file_path3.531",13,0,0,0,5178607,1987,"ER+",0,"30_84","IDC"
"file_path3.541",13,1,0,0,5178607,1987,"ER-",0,"30_84","IDC"
"file_path3.551",13,2,0,0,5178607,1987,"Borderline/Unk",0,"30_84","IDC"
"file_path3.561",13,3,165.3,8522,5178607,1987,"Not available",Inf,"30_84","IDC"
"file_path3.571",14,0,0,0,5295128,1988,"ER+",0,"30_84","IDC"
"file_path3.581",14,1,0,0,5295128,1988,"ER-",0,"30_84","IDC"
"file_path3.591",14,2,0,0,5295128,1988,"Borderline/Unk",0,"30_84","IDC"
"file_path3.601",14,3,162.2,8514,5295128,1988,"Not available",Inf,"30_84","IDC"
"file_path3.611",15,0,0,0,5402960,1989,"ER+",0,"30_84","IDC"
"file_path3.621",15,1,0,0,5402960,1989,"ER-",0,"30_84","IDC"
"file_path3.631",15,2,0,0,5402960,1989,"Borderline/Unk",0,"30_84","IDC"
"file_path3.641",15,3,156.3,8304,5402960,1989,"Not available",Inf,"30_84","IDC"
"file_path3.651",16,0,89.9,4875,5513112,1990,"ER+",1,"30_84","IDC"
"file_path3.661",16,1,28.2,1486,5513112,1990,"ER-",1,"30_84","IDC"
"file_path3.671",16,2,40.5,2208,5513112,1990,"Borderline/Unk",1,"30_84","IDC"
"file_path3.681",16,3,0,0,5513112,1990,"Not available",NA,"30_84","IDC"
"file_path3.691",17,0,95.4,5300,5641442,1991,"ER+",1.06,"30_84","IDC"
"file_path3.701",17,1,30.2,1623,5641442,1991,"ER-",1.07,"30_84","IDC"
"file_path3.711",17,2,30.8,1712,5641442,1991,"Borderline/Unk",0.76,"30_84","IDC"
"file_path3.721",17,3,0,0,5641442,1991,"Not available",NA,"30_84","IDC"
"file_path3.731",18,0,94.9,5375,5776781,1992,"ER+",1.06,"30_84","IDC"
"file_path3.741",18,1,31.4,1737,5776781,1992,"ER-",1.11,"30_84","IDC"
"file_path3.751",18,2,27.4,1545,5776781,1992,"Borderline/Unk",0.68,"30_84","IDC"
"file_path3.761",18,3,0,0,5776781,1992,"Not available",NA,"30_84","IDC"
"file_path3.771",19,0,93.9,5413,5898764,1993,"ER+",1.04,"30_84","IDC"
"file_path3.781",19,1,32.9,1866,5898764,1993,"ER-",1.17,"30_84","IDC"
"file_path3.791",19,2,26.9,1546,5898764,1993,"Borderline/Unk",0.66,"30_84","IDC"
"file_path3.801",19,3,0,0,5898764,1993,"Not available",NA,"30_84","IDC"
"file_path3.811",20,0,98.9,5783,6013463,1994,"ER+",1.1,"30_84","IDC"
"file_path3.821",20,1,33.6,1944,6013463,1994,"ER-",1.19,"30_84","IDC"
"file_path3.831",20,2,24.3,1420,6013463,1994,"Borderline/Unk",0.6,"30_84","IDC"
"file_path3.841",20,3,0,0,6013463,1994,"Not available",NA,"30_84","IDC"
"file_path3.851",21,0,98.2,5859,6119083,1995,"ER+",1.09,"30_84","IDC"
"file_path3.861",21,1,34.5,2025,6119083,1995,"ER-",1.22,"30_84","IDC"
"file_path3.871",21,2,24.8,1489,6119083,1995,"Borderline/Unk",0.61,"30_84","IDC"
"file_path3.881",21,3,0,0,6119083,1995,"Not available",NA,"30_84","IDC"
"file_path3.891",22,0,104.3,6318,6215455,1996,"ER+",1.16,"30_84","IDC"
"file_path3.901",22,1,36.2,2173,6215455,1996,"ER-",1.28,"30_84","IDC"
"file_path3.911",22,2,23.9,1459,6215455,1996,"Borderline/Unk",0.59,"30_84","IDC"
"file_path3.921",22,3,0,0,6215455,1996,"Not available",NA,"30_84","IDC"
"file_path3.931",23,0,108.7,6722,6316153,1997,"ER+",1.21,"30_84","IDC"
"file_path3.941",23,1,35.5,2176,6316153,1997,"ER-",1.26,"30_84","IDC"
"file_path3.951",23,2,24.1,1494,6316153,1997,"Borderline/Unk",0.6,"30_84","IDC"
"file_path3.961",23,3,0,0,6316153,1997,"Not available",NA,"30_84","IDC"
"file_path3.971",24,0,114.5,7217,6405468,1998,"ER+",1.27,"30_84","IDC"
"file_path3.981",24,1,35.5,2239,6405468,1998,"ER-",1.26,"30_84","IDC"
"file_path3.991",24,2,21.1,1331,6405468,1998,"Borderline/Unk",0.52,"30_84","IDC"
"file_path3.1001",24,3,0,0,6405468,1998,"Not available",NA,"30_84","IDC"
"file_path3.1011",25,0,117.1,7484,6482134,1999,"ER+",1.3,"30_84","IDC"
"file_path3.1021",25,1,34.8,2232,6482134,1999,"ER-",1.23,"30_84","IDC"
"file_path3.1031",25,2,19.6,1257,6482134,1999,"Borderline/Unk",0.48,"30_84","IDC"
"file_path3.1041",25,3,0,0,6482134,1999,"Not available",NA,"30_84","IDC"
"file_path3.1051",26,0,113,7369,6567410,2000,"ER+",1.26,"30_84","IDC"
"file_path3.1061",26,1,33.6,2194,6567410,2000,"ER-",1.19,"30_84","IDC"
"file_path3.1071",26,2,18.5,1212,6567410,2000,"Borderline/Unk",0.46,"30_84","IDC"
"file_path3.1081",26,3,0,0,6567410,2000,"Not available",NA,"30_84","IDC"
"file_path3.1091",27,0,112.4,7457,6654492,2001,"ER+",1.25,"30_84","IDC"
"file_path3.1101",27,1,33.9,2249,6654492,2001,"ER-",1.2,"30_84","IDC"
"file_path3.1111",27,2,19.2,1271,6654492,2001,"Borderline/Unk",0.47,"30_84","IDC"
"file_path3.1121",27,3,0,0,6654492,2001,"Not available",NA,"30_84","IDC"
"file_path3.1131",28,0,112.8,7613,6721583,2002,"ER+",1.25,"30_84","IDC"
"file_path3.1141",28,1,34.1,2308,6721583,2002,"ER-",1.21,"30_84","IDC"
"file_path3.1151",28,2,15.9,1076,6721583,2002,"Borderline/Unk",0.39,"30_84","IDC"
"file_path3.1161",28,3,0,0,6721583,2002,"Not available",NA,"30_84","IDC"
"file_path3.1171",29,0,103,7077,6779285,2003,"ER+",1.15,"30_84","IDC"
"file_path3.1181",29,1,32.4,2229,6779285,2003,"ER-",1.15,"30_84","IDC"
"file_path3.1191",29,2,14,964,6779285,2003,"Borderline/Unk",0.35,"30_84","IDC"
"file_path3.1201",29,3,0,0,6779285,2003,"Not available",NA,"30_84","IDC"
"file_path3.1211",30,0,110.1,7696,6839118,2004,"ER+",1.22,"30_84","IDC"
"file_path3.1221",30,1,37.1,2581,6839118,2004,"ER-",1.32,"30_84","IDC"
"file_path3.1231",30,2,8.5,597,6839118,2004,"Borderline/Unk",0.21,"30_84","IDC"
"file_path3.1241",30,3,0,0,6839118,2004,"Not available",NA,"30_84","IDC"
"file_path3.1251",31,0,112.9,8036,6913034,2005,"ER+",1.26,"30_84","IDC"
"file_path3.1261",31,1,36.3,2583,6913034,2005,"ER-",1.29,"30_84","IDC"
"file_path3.1271",31,2,7.1,507,6913034,2005,"Borderline/Unk",0.18,"30_84","IDC"
"file_path3.1281",31,3,0,0,6913034,2005,"Not available",NA,"30_84","IDC"
"file_path3.1291",32,0,115.5,8380,6999795,2006,"ER+",1.28,"30_84","IDC"
"file_path3.1301",32,1,34,2464,6999795,2006,"ER-",1.21,"30_84","IDC"
"file_path3.1311",32,2,6.2,449,6999795,2006,"Borderline/Unk",0.15,"30_84","IDC"
"file_path3.1321",32,3,0,0,6999795,2006,"Not available",NA,"30_84","IDC"
"file_path3.1331",33,0,123.2,9081,7087846,2007,"ER+",1.37,"30_84","IDC"
"file_path3.1341",33,1,34.8,2573,7087846,2007,"ER-",1.23,"30_84","IDC"
"file_path3.1351",33,2,6.1,449,7087846,2007,"Borderline/Unk",0.15,"30_84","IDC"
"file_path3.1361",33,3,0,0,7087846,2007,"Not available",NA,"30_84","IDC"
"file_path3.1371",34,0,126.6,9506,7180400,2008,"ER+",1.41,"30_84","IDC"
"file_path3.1381",34,1,35.4,2647,7180400,2008,"ER-",1.26,"30_84","IDC"
"file_path3.1391",34,2,3.9,296,7180400,2008,"Borderline/Unk",0.1,"30_84","IDC"
"file_path3.1401",34,3,0,0,7180400,2008,"Not available",NA,"30_84","IDC"
"file_path3.1411",35,0,130.9,10059,7282251,2009,"ER+",1.46,"30_84","IDC"
"file_path3.1421",35,1,32.5,2480,7282251,2009,"ER-",1.15,"30_84","IDC"
"file_path3.1431",35,2,3.8,285,7282251,2009,"Borderline/Unk",0.09,"30_84","IDC"
"file_path3.1441",35,3,0,0,7282251,2009,"Not available",NA,"30_84","IDC"
"file_path3.1451",36,0,130.1,10183,7384932,2010,"ER+",1.45,"30_84","IDC"
"file_path3.1461",36,1,29.6,2310,7384932,2010,"ER-",1.05,"30_84","IDC"
"file_path3.1471",36,2,3.4,272,7384932,2010,"Borderline/Unk",0.08,"30_84","IDC"
"file_path3.1481",36,3,0,0,7384932,2010,"Not available",NA,"30_84","IDC"
"file_path3.1491",37,0,135.8,10830,7485868,2011,"ER+",1.51,"30_84","IDC"
"file_path3.1501",37,1,31.1,2457,7485868,2011,"ER-",1.1,"30_84","IDC"
"file_path3.1511",37,2,2.9,235,7485868,2011,"Borderline/Unk",0.07,"30_84","IDC"
"file_path3.1521",37,3,0,0,7485868,2011,"Not available",NA,"30_84","IDC"
"file_path3.1531",38,0,135.2,10993,7590490,2012,"ER+",1.5,"30_84","IDC"
"file_path3.1541",38,1,30,2411,7590490,2012,"ER-",1.06,"30_84","IDC"
"file_path3.1551",38,2,2.5,199,7590490,2012,"Borderline/Unk",0.06,"30_84","IDC"
"file_path3.1561",38,3,0,0,7590490,2012,"Not available",NA,"30_84","IDC"
"file_path3.1571",39,0,137.2,11341,7685012,2013,"ER+",1.53,"30_84","IDC"
"file_path3.1581",39,1,28.8,2366,7685012,2013,"ER-",1.02,"30_84","IDC"
"file_path3.1591",39,2,2.3,187,7685012,2013,"Borderline/Unk",0.06,"30_84","IDC"
"file_path3.1601",39,3,0,0,7685012,2013,"Not available",NA,"30_84","IDC"
"file_path3.1611",40,0,138.9,11713,7779161,2014,"ER+",1.55,"30_84","IDC"
"file_path3.1621",40,1,29.2,2419,7779161,2014,"ER-",1.04,"30_84","IDC"
"file_path3.1631",40,2,1.7,143,7779161,2014,"Borderline/Unk",0.04,"30_84","IDC"
"file_path3.1641",40,3,0,0,7779161,2014,"Not available",NA,"30_84","IDC"
"file_path3.1651",41,0,137.2,11779,7880031,2015,"ER+",1.53,"30_84","IDC"
"file_path3.1661",41,1,29.4,2482,7880031,2015,"ER-",1.04,"30_84","IDC"
"file_path3.1671",41,2,2.1,185,7880031,2015,"Borderline/Unk",0.05,"30_84","IDC"
"file_path3.1681",41,3,0,0,7880031,2015,"Not available",NA,"30_84","IDC"
"file_path3.1691",42,0,140.2,12237,7979883,2016,"ER+",1.56,"30_84","IDC"
"file_path3.1701",42,1,28.1,2405,7979883,2016,"ER-",1,"30_84","IDC"
"file_path3.1711",42,2,1.8,154,7979883,2016,"Borderline/Unk",0.04,"30_84","IDC"
"file_path3.1721",42,3,0,0,7979883,2016,"Not available",NA,"30_84","IDC"
"file_path3.1731",43,0,140,12425,8069186,2017,"ER+",1.56,"30_84","IDC"
"file_path3.1741",43,1,29.1,2527,8069186,2017,"ER-",1.03,"30_84","IDC"
"file_path3.1751",43,2,1.5,135,8069186,2017,"Borderline/Unk",0.04,"30_84","IDC"
"file_path3.1761",43,3,0,0,8069186,2017,"Not available",NA,"30_84","IDC"
"file_path3.1771",44,0,149,13418,8154085,2018,"ER+",1.66,"30_84","IDC"
"file_path3.1781",44,1,29.9,2646,8154085,2018,"ER-",1.06,"30_84","IDC"
"file_path3.1791",44,2,2,186,8154085,2018,"Borderline/Unk",0.05,"30_84","IDC"
"file_path3.1801",44,3,0,0,8154085,2018,"Not available",NA,"30_84","IDC"
"file_path3.1811",45,0,150.5,13714,8234114,2019,"ER+",1.67,"30_84","IDC"
"file_path3.1821",45,1,30,2679,8234114,2019,"ER-",1.06,"30_84","IDC"
"file_path3.1831",45,2,2.4,219,8234114,2019,"Borderline/Unk",0.06,"30_84","IDC"
"file_path3.1841",45,3,0,0,8234114,2019,"Not available",NA,"30_84","IDC"
"file_path3.1851",46,0,135.1,12398,8310270,2020,"ER+",1.5,"30_84","IDC"
"file_path3.1861",46,1,28.6,2556,8310270,2020,"ER-",1.01,"30_84","IDC"
"file_path3.1871",46,2,2.8,269,8310270,2020,"Borderline/Unk",0.07,"30_84","IDC"
"file_path3.1881",46,3,0,0,8310270,2020,"Not available",NA,"30_84","IDC"
